transaction_id,timestamp,customer_email,subscription_tier,subscription_plan,amount,currency,country,ip_address,card_bin,card_last4,bin_country,status
txn_00361,2026-01-20T00:47:46,acct361@outlook.com,monthly,Solaris Monthly,4.99,BRL,BR,187.29.41.95,541500,1326,BR,approved
txn_00316,2026-01-20T01:15:56,customer316@gmail.com,monthly,Solaris Monthly,99.0,MXN,MX,189.136.81.55,451200,2494,MX,approved
txn_00333,2026-01-20T02:59:33,cliente333@protonmail.com,monthly,Solaris Monthly,4.99,BRL,BR,187.81.216.32,424242,2889,BR,declined_fraud
txn_00511,2026-01-20T05:25:09,sub511@protonmail.com,monthly,Solaris Monthly,4.99,BRL,BR,187.29.41.95,541500,8450,BR,approved
txn_00068,2026-01-20T07:06:49,user5064@protonmail.com,annual,Solaris Annual,990.0,MXN,MX,189.134.82.226,999004,2140,MX,approved
txn_00499,2026-01-20T08:17:18,cliente499@gmail.com,monthly,Solaris Monthly,19900.0,COP,CO,190.141.5.97,451200,5223,CO,approved
txn_00319,2026-01-20T09:52:25,acct319@protonmail.com,monthly,Solaris Monthly,4.99,BRL,BR,187.142.232.186,531313,2120,BR,approved
txn_00206,2026-01-20T10:31:38,sub3206@yahoo.com,monthly,Solaris Monthly,19900.0,COP,CO,185.220.101.156,999001,2584,CO,approved
txn_00541,2026-01-20T10:38:24,sub541@yahoo.com,annual,Solaris Annual,49.99,BRL,BR,187.239.27.50,411111,9059,BR,declined_fraud
txn_00207,2026-01-20T12:24:38,cliente3207@hotmail.com,monthly,Solaris Monthly,19900.0,COP,CO,185.220.101.156,999001,6990,CO,declined_fraud
txn_00203,2026-01-20T12:57:38,user3203@protonmail.com,monthly,Solaris Monthly,19900.0,COP,CO,185.220.101.156,999001,7563,CO,declined_fraud
txn_00470,2026-01-20T12:59:27,member470@yahoo.com,monthly,Solaris Monthly,99.0,MXN,MX,189.225.39.146,601100,3360,MX,approved
txn_00202,2026-01-20T13:11:38,customer3202@yahoo.com,monthly,Solaris Monthly,19900.0,COP,CO,185.220.101.156,999001,5333,CO,approved
txn_00522,2026-01-20T13:46:16,customer522@gmail.com,monthly,Solaris Monthly,4.99,BRL,BR,187.116.148.40,438600,6171,BR,approved
txn_00205,2026-01-20T13:49:38,acct3205@protonmail.com,monthly,Solaris Monthly,19900.0,COP,CO,185.220.101.156,999001,5582,CO,declined_fraud
txn_00349,2026-01-20T13:55:50,cliente349@gmail.com,monthly,Solaris Monthly,99.0,MXN,MX,189.54.79.139,438600,2669,MX,declined_fraud
txn_00204,2026-01-20T14:18:38,user3204@outlook.com,monthly,Solaris Monthly,19900.0,COP,CO,185.220.101.156,999001,5728,CO,approved
txn_00325,2026-01-20T16:04:13,acct325@gmail.com,monthly,Solaris Monthly,4.99,BRL,BR,187.239.27.50,424242,1273,BR,approved
txn_00159,2026-01-20T18:55:24,member8159@yahoo.com,annual,Solaris Annual,49.99,BRL,BR,5.188.96.185,451200,6649,BR,declined_fraud
txn_00313,2026-01-20T18:58:08,customer313@outlook.com,monthly,Solaris Monthly,99.0,MXN,MX,189.37.109.135,411111,2631,MX,declined_fraud
txn_00560,2026-01-20T21:48:36,sub560@hotmail.com,monthly,Solaris Monthly,99.0,MXN,MX,189.233.212.99,411111,9289,MX,approved
txn_00087,2026-01-21T00:17:58,customer7087@outlook.com,monthly,Solaris Monthly,19900.0,COP,CO,190.43.123.208,424242,7636,CO,approved
txn_00088,2026-01-21T03:17:58,customer7087@outlook.com,annual,Solaris Annual,199000.0,COP,CO,190.43.123.208,424242,7636,CO,approved
txn_00339,2026-01-21T03:51:26,user339@outlook.com,monthly,Solaris Monthly,99.0,MXN,MX,189.225.39.146,541500,3466,MX,approved
txn_00584,2026-01-21T04:12:10,member584@protonmail.com,annual,Solaris Annual,49.99,BRL,BR,187.43.248.35,541500,6254,BR,approved
txn_00289,2026-01-21T04:37:03,cliente289@yahoo.com,monthly,Solaris Monthly,4.99,BRL,BR,187.115.32.173,438600,9199,BR,approved
txn_00356,2026-01-21T06:21:56,member356@hotmail.com,monthly,Solaris Monthly,4.99,BRL,BR,187.232.146.216,650000,7363,BR,approved
txn_00283,2026-01-21T07:21:34,cliente283@protonmail.com,annual,Solaris Annual,49.99,BRL,BR,187.98.35.23,541500,9939,BR,approved
txn_00152,2026-01-21T08:50:27,member8152@hotmail.com,annual,Solaris Annual,49.99,BRL,BR,5.188.210.253,424242,6493,BR,declined_insufficient_funds
txn_00067,2026-01-21T09:43:58,user5064@protonmail.com,annual,Solaris Annual,990.0,MXN,MX,189.222.176.160,999004,6751,MX,approved
txn_00052,2026-01-21T12:17:35,user5049@hotmail.com,annual,Solaris Annual,990.0,MXN,MX,189.54.217.112,999002,7984,MX,approved
txn_00213,2026-01-21T12:46:56,customer213@hotmail.com,monthly,Solaris Monthly,4.99,BRL,BR,187.7.47.121,451200,3421,BR,approved
txn_00243,2026-01-21T13:32:09,cliente243@gmail.com,annual,Solaris Annual,49.99,BRL,BR,187.43.248.35,531313,5516,BR,approved
txn_00039,2026-01-21T14:07:02,sub5039@yahoo.com,annual,Solaris Annual,199000.0,COP,CO,190.78.222.90,999001,8285,CO,declined_fraud
txn_00353,2026-01-21T16:22:10,sub353@hotmail.com,monthly,Solaris Monthly,4.99,BRL,BR,187.117.16.161,601100,5585,BR,approved
txn_00334,2026-01-21T17:12:05,cliente334@hotmail.com,monthly,Solaris Monthly,4.99,BRL,BR,187.239.27.50,650000,7274,BR,declined_insufficient_funds
txn_00465,2026-01-21T20:08:26,customer465@yahoo.com,monthly,Solaris Monthly,99.0,MXN,MX,189.218.4.57,411111,8523,MX,approved
txn_00425,2026-01-21T21:57:22,user425@hotmail.com,annual,Solaris Annual,199000.0,COP,CO,190.253.166.93,438600,1820,CO,approved
txn_00162,2026-01-22T00:49:26,user8162@hotmail.com,annual,Solaris Annual,49.99,BRL,BR,5.188.209.170,541500,9444,BR,declined_insufficient_funds
txn_00336,2026-01-22T05:30:38,cliente336@protonmail.com,annual,Solaris Annual,49.99,BRL,BR,187.216.93.142,411111,3938,BR,approved
txn_00248,2026-01-22T06:37:26,acct248@outlook.com,annual,Solaris Annual,990.0,MXN,MX,189.238.212.31,531313,7999,MX,declined_insufficient_funds
txn_00452,2026-01-22T06:44:07,acct452@yahoo.com,annual,Solaris Annual,199000.0,COP,CO,190.232.36.119,451200,4892,CO,approved
txn_00260,2026-01-22T08:31:24,user260@gmail.com,annual,Solaris Annual,49.99,BRL,BR,187.246.109.205,411111,9584,BR,approved
txn_00443,2026-01-22T08:35:24,user443@protonmail.com,monthly,Solaris Monthly,99.0,MXN,MX,189.68.237.162,531313,9172,MX,approved
txn_00418,2026-01-22T08:36:28,acct418@protonmail.com,monthly,Solaris Monthly,99.0,MXN,MX,189.234.161.37,451200,5190,MX,approved
txn_00388,2026-01-22T09:25:41,customer388@hotmail.com,annual,Solaris Annual,990.0,MXN,MX,189.234.161.37,451200,6431,MX,declined_insufficient_funds
txn_00396,2026-01-22T09:50:51,user396@outlook.com,monthly,Solaris Monthly,19900.0,COP,CO,190.253.166.93,424242,5670,CO,approved
txn_00315,2026-01-22T12:20:11,member315@hotmail.com,monthly,Solaris Monthly,4.99,BRL,BR,187.84.135.216,601100,2350,BR,approved
txn_00504,2026-01-22T12:38:45,acct504@protonmail.com,monthly,Solaris Monthly,4.99,BRL,BR,187.236.127.38,451200,6544,BR,declined_insufficient_funds
txn_00578,2026-01-22T15:03:49,customer578@outlook.com,monthly,Solaris Monthly,19900.0,COP,CO,190.122.64.242,541500,1187,CO,approved
txn_00332,2026-01-22T16:35:28,acct332@yahoo.com,monthly,Solaris Monthly,99.0,MXN,MX,189.80.224.154,438600,8457,MX,approved
txn_00236,2026-01-22T16:49:13,acct236@outlook.com,monthly,Solaris Monthly,99.0,MXN,MX,189.212.208.169,438600,2489,MX,approved
txn_00402,2026-01-22T18:08:50,acct402@hotmail.com,annual,Solaris Annual,990.0,MXN,MX,189.135.19.55,541500,3456,MX,declined_fraud
txn_00306,2026-01-22T21:09:24,cliente306@hotmail.com,monthly,Solaris Monthly,99.0,MXN,MX,189.171.47.120,531313,3281,MX,approved
txn_00555,2026-01-22T21:38:35,customer555@gmail.com,monthly,Solaris Monthly,4.99,BRL,BR,187.97.229.71,424242,6544,BR,approved
txn_00565,2026-01-22T22:43:15,user565@outlook.com,monthly,Solaris Monthly,99.0,MXN,MX,189.161.133.104,541500,9051,MX,approved
txn_00467,2026-01-23T01:40:37,user467@protonmail.com,annual,Solaris Annual,49.99,BRL,BR,187.231.61.126,424242,9762,BR,approved
txn_00620,2026-01-23T03:38:38,sub620@protonmail.com,monthly,Solaris Monthly,4.99,BRL,BR,187.108.102.159,451200,2108,BR,approved
txn_00119,2026-01-23T04:47:34,sub6119@outlook.com,monthly,Solaris Monthly,99.0,MXN,MX,189.186.220.35,411111,6482,MX,declined_fraud
txn_00120,2026-01-23T05:07:34,sub6119@outlook.com,monthly,Solaris Monthly,99.0,MXN,MX,189.186.220.35,411111,6482,MX,declined_insufficient_funds
txn_00121,2026-01-23T05:27:34,sub6119@outlook.com,monthly,Solaris Monthly,99.0,MXN,MX,189.186.220.35,411111,6482,MX,declined_insufficient_funds
txn_00122,2026-01-23T05:47:34,sub6119@outlook.com,monthly,Solaris Monthly,99.0,MXN,MX,189.186.220.35,411111,6482,MX,declined_insufficient_funds
txn_00060,2026-01-23T06:12:57,customer5057@protonmail.com,monthly,Solaris Monthly,19900.0,COP,CO,190.215.129.41,999003,8075,CO,approved
txn_00123,2026-01-23T06:17:34,sub6119@outlook.com,monthly,Solaris Monthly,99.0,MXN,MX,189.186.220.35,411111,6482,MX,approved
txn_00169,2026-01-23T06:19:57,user8169@hotmail.com,monthly,Solaris Monthly,4.99,BRL,BR,5.188.89.240,438600,7001,BR,approved
txn_00016,2026-01-23T07:45:57,member9016@yahoo.com,monthly,Solaris Monthly,4.99,BRL,BR,185.220.101.88,411111,5806,BR,approved
txn_00018,2026-01-23T07:52:57,sub9018@protonmail.com,monthly,Solaris Monthly,4.99,BRL,BR,185.220.101.88,451200,4945,BR,declined_fraud
txn_00015,2026-01-23T08:37:57,cliente9015@yahoo.com,monthly,Solaris Monthly,4.99,BRL,BR,185.220.101.88,424242,8269,BR,declined_insufficient_funds
txn_00017,2026-01-23T08:37:57,cliente9017@hotmail.com,monthly,Solaris Monthly,4.99,BRL,BR,185.220.101.88,451200,3950,BR,approved
txn_00014,2026-01-23T09:02:57,customer9014@gmail.com,monthly,Solaris Monthly,4.99,BRL,BR,185.220.101.88,601100,4727,BR,declined_fraud
txn_00566,2026-01-23T10:00:29,acct566@gmail.com,annual,Solaris Annual,199000.0,COP,CO,190.94.98.110,411111,5355,CO,approved
txn_00473,2026-01-23T13:13:10,sub473@protonmail.com,monthly,Solaris Monthly,4.99,BRL,BR,187.117.16.161,411111,9992,BR,approved
txn_00174,2026-01-23T14:16:36,user4174@hotmail.com,annual,Solaris Annual,199000.0,COP,CO,185.220.101.47,999002,8406,CO,chargeback
txn_00168,2026-01-23T15:25:45,customer8168@gmail.com,annual,Solaris Annual,199000.0,COP,CO,5.188.147.205,601100,3621,CO,approved
txn_00479,2026-01-23T15:50:50,customer479@gmail.com,annual,Solaris Annual,49.99,BRL,BR,187.85.208.248,541500,5312,BR,declined_fraud
txn_00367,2026-01-23T18:39:04,cliente367@yahoo.com,monthly,Solaris Monthly,19900.0,COP,CO,190.138.247.238,424242,9129,CO,chargeback
txn_00270,2026-01-23T19:22:29,customer270@hotmail.com,monthly,Solaris Monthly,99.0,MXN,MX,189.225.39.146,650000,7288,MX,chargeback
txn_00518,2026-01-23T19:26:40,user518@gmail.com,monthly,Solaris Monthly,4.99,BRL,BR,187.206.61.126,650000,3555,BR,approved
txn_00643,2026-01-23T19:30:44,cliente643@protonmail.com,annual,Solaris Annual,49.99,BRL,BR,187.64.65.243,601100,6444,BR,approved
txn_00264,2026-01-23T20:03:50,member264@outlook.com,monthly,Solaris Monthly,4.99,BRL,BR,187.205.137.33,601100,6807,BR,approved
txn_00251,2026-01-23T20:07:25,cliente251@yahoo.com,annual,Solaris Annual,990.0,MXN,MX,189.207.0.155,541500,5177,MX,declined_fraud
txn_00534,2026-01-23T21:16:55,customer534@yahoo.com,monthly,Solaris Monthly,4.99,BRL,BR,187.52.44.216,531313,4844,BR,approved
txn_00478,2026-01-23T23:30:22,customer478@protonmail.com,annual,Solaris Annual,49.99,BRL,BR,187.30.84.194,424242,3879,BR,declined_fraud
txn_00301,2026-01-24T00:19:05,sub301@hotmail.com,monthly,Solaris Monthly,4.99,BRL,BR,187.55.127.98,451200,8272,BR,declined_fraud
txn_00535,2026-01-24T00:59:40,sub535@protonmail.com,monthly,Solaris Monthly,4.99,BRL,BR,187.239.27.50,411111,1431,BR,approved
txn_00379,2026-01-24T03:51:22,customer379@gmail.com,monthly,Solaris Monthly,19900.0,COP,CO,190.135.101.217,411111,3476,CO,declined_fraud
txn_00632,2026-01-24T05:07:36,member632@outlook.com,monthly,Solaris Monthly,19900.0,COP,CO,190.251.229.8,650000,1518,CO,approved
txn_00505,2026-01-24T06:41:28,acct505@outlook.com,monthly,Solaris Monthly,4.99,BRL,BR,187.176.135.22,531313,8727,BR,approved
txn_00423,2026-01-24T07:41:44,user423@gmail.com,annual,Solaris Annual,199000.0,COP,CO,190.127.60.213,650000,4842,CO,declined_fraud
txn_00347,2026-01-24T10:16:14,member347@hotmail.com,annual,Solaris Annual,49.99,BRL,BR,187.29.41.95,411111,4522,BR,declined_insufficient_funds
txn_00274,2026-01-24T10:37:44,member274@gmail.com,monthly,Solaris Monthly,4.99,BRL,BR,187.107.136.36,451200,6188,BR,approved
txn_00515,2026-01-24T12:21:49,cliente515@yahoo.com,monthly,Solaris Monthly,4.99,BRL,BR,187.64.65.243,411111,5314,BR,approved
txn_00341,2026-01-24T12:23:02,customer341@yahoo.com,monthly,Solaris Monthly,4.99,BRL,BR,187.55.127.98,411111,3332,BR,approved
txn_00265,2026-01-24T12:56:09,customer265@gmail.com,monthly,Solaris Monthly,99.0,MXN,MX,189.170.210.127,601100,2320,MX,approved
txn_00576,2026-01-24T15:06:25,sub576@protonmail.com,monthly,Solaris Monthly,99.0,MXN,MX,189.97.130.22,438600,3832,MX,approved
txn_00528,2026-01-24T16:11:59,member528@outlook.com,monthly,Solaris Monthly,4.99,BRL,BR,187.87.125.83,411111,4530,BR,approved
txn_00061,2026-01-24T16:30:20,customer5057@protonmail.com,monthly,Solaris Monthly,19900.0,COP,CO,190.94.98.110,999003,1982,CO,declined_insufficient_funds
txn_00546,2026-01-24T23:09:26,user546@hotmail.com,monthly,Solaris Monthly,4.99,BRL,BR,187.107.136.36,411111,9764,BR,approved
txn_00414,2026-01-24T23:39:49,member414@hotmail.com,monthly,Solaris Monthly,99.0,MXN,MX,189.113.102.235,541500,6641,MX,approved
txn_00318,2026-01-25T00:14:18,user318@gmail.com,monthly,Solaris Monthly,4.99,BRL,BR,187.172.52.47,541500,7276,BR,declined_fraud
txn_00444,2026-01-25T00:38:56,customer444@hotmail.com,monthly,Solaris Monthly,99.0,MXN,MX,189.226.218.228,531313,3845,MX,approved
txn_00089,2026-01-25T03:20:22,acct7089@outlook.com,monthly,Solaris Monthly,4.99,BRL,BR,187.84.135.216,424242,8155,BR,approved
txn_00449,2026-01-25T04:02:49,user449@protonmail.com,monthly,Solaris Monthly,99.0,MXN,MX,189.248.122.140,601100,7920,MX,approved
txn_00090,2026-01-25T05:20:22,acct7089@outlook.com,annual,Solaris Annual,49.99,BRL,BR,187.84.135.216,424242,8155,BR,approved
txn_00053,2026-01-25T05:47:04,user5049@hotmail.com,monthly,Solaris Monthly,99.0,MXN,MX,189.75.12.23,999002,2323,MX,declined_fraud
txn_00618,2026-01-25T06:51:47,user618@gmail.com,monthly,Solaris Monthly,4.99,BRL,BR,187.111.119.13,601100,6424,BR,approved
txn_00047,2026-01-25T08:04:24,sub5039@yahoo.com,monthly,Solaris Monthly,19900.0,COP,CO,190.84.239.65,999001,1243,CO,declined_fraud
txn_00562,2026-01-25T08:42:00,customer562@yahoo.com,monthly,Solaris Monthly,4.99,BRL,BR,187.150.222.80,650000,7714,BR,approved
txn_00633,2026-01-25T10:45:32,member633@hotmail.com,monthly,Solaris Monthly,4.99,BRL,BR,187.91.54.152,541500,9603,BR,approved
txn_00323,2026-01-25T11:21:21,sub323@outlook.com,monthly,Solaris Monthly,99.0,MXN,MX,189.59.133.91,411111,4921,MX,approved
txn_00430,2026-01-25T11:34:54,sub430@outlook.com,annual,Solaris Annual,49.99,BRL,BR,187.64.65.243,411111,3140,BR,approved
txn_00428,2026-01-25T11:43:13,customer428@hotmail.com,monthly,Solaris Monthly,4.99,BRL,BR,187.231.61.126,438600,7909,BR,approved
txn_00609,2026-01-25T11:51:16,customer609@protonmail.com,monthly,Solaris Monthly,19900.0,COP,CO,190.37.27.77,438600,2481,CO,approved
txn_00639,2026-01-25T13:21:21,cliente639@yahoo.com,monthly,Solaris Monthly,4.99,BRL,BR,187.116.148.40,601100,3446,BR,approved
txn_00624,2026-01-25T17:43:16,cliente624@gmail.com,monthly,Solaris Monthly,4.99,BRL,BR,187.117.16.161,541500,5759,BR,approved
txn_00455,2026-01-25T19:03:26,cliente455@protonmail.com,monthly,Solaris Monthly,4.99,BRL,BR,187.112.166.28,424242,4063,BR,approved
txn_00329,2026-01-25T19:09:40,customer329@hotmail.com,monthly,Solaris Monthly,4.99,BRL,BR,187.48.49.220,411111,6067,BR,approved
txn_00408,2026-01-25T19:35:44,cliente408@protonmail.com,annual,Solaris Annual,199000.0,COP,CO,190.136.72.36,424242,8736,CO,approved
txn_00346,2026-01-25T19:42:33,sub346@yahoo.com,monthly,Solaris Monthly,99.0,MXN,MX,189.121.83.90,438600,6051,MX,declined_fraud
txn_00317,2026-01-25T20:30:06,user317@yahoo.com,annual,Solaris Annual,990.0,MXN,MX,189.81.243.230,438600,1152,MX,approved
txn_00529,2026-01-25T21:15:06,user529@outlook.com,monthly,Solaris Monthly,4.99,BRL,BR,187.1.199.135,601100,6638,BR,approved
txn_00442,2026-01-25T23:33:38,user442@protonmail.com,annual,Solaris Annual,49.99,BRL,BR,187.29.123.40,424242,7790,BR,approved
txn_00308,2026-01-26T03:50:07,user308@yahoo.com,annual,Solaris Annual,199000.0,COP,CO,190.179.114.35,531313,7743,CO,approved
txn_00130,2026-01-26T04:53:25,customer6130@gmail.com,monthly,Solaris Monthly,19900.0,COP,CO,190.251.229.8,451200,6381,CO,declined_fraud
txn_00131,2026-01-26T05:13:25,customer6130@gmail.com,monthly,Solaris Monthly,19900.0,COP,CO,190.251.229.8,451200,6381,CO,declined_insufficient_funds
txn_00132,2026-01-26T05:33:25,customer6130@gmail.com,monthly,Solaris Monthly,19900.0,COP,CO,190.251.229.8,451200,6381,CO,declined_insufficient_funds
txn_00133,2026-01-26T05:53:25,customer6130@gmail.com,monthly,Solaris Monthly,19900.0,COP,CO,190.251.229.8,451200,6381,CO,declined_fraud
txn_00134,2026-01-26T06:13:25,customer6130@gmail.com,monthly,Solaris Monthly,19900.0,COP,CO,190.251.229.8,451200,6381,CO,declined_insufficient_funds
txn_00135,2026-01-26T06:43:25,customer6130@gmail.com,monthly,Solaris Monthly,19900.0,COP,CO,190.251.229.8,451200,6381,CO,approved
txn_00140,2026-01-26T08:40:59,acct6140@protonmail.com,monthly,Solaris Monthly,4.99,BRL,BR,187.7.47.121,411111,6517,BR,declined_insufficient_funds
txn_00141,2026-01-26T09:00:59,acct6140@protonmail.com,monthly,Solaris Monthly,4.99,BRL,BR,187.7.47.121,411111,6517,BR,declined_fraud
txn_00142,2026-01-26T09:20:59,acct6140@protonmail.com,monthly,Solaris Monthly,4.99,BRL,BR,187.7.47.121,411111,6517,BR,declined_fraud
txn_00143,2026-01-26T09:40:59,acct6140@protonmail.com,monthly,Solaris Monthly,4.99,BRL,BR,187.7.47.121,411111,6517,BR,declined_fraud
txn_00144,2026-01-26T10:00:59,acct6140@protonmail.com,monthly,Solaris Monthly,4.99,BRL,BR,187.7.47.121,411111,6517,BR,declined_fraud
txn_00494,2026-01-26T10:02:22,sub494@outlook.com,monthly,Solaris Monthly,19900.0,COP,CO,190.147.224.63,424242,4765,CO,approved
txn_00145,2026-01-26T10:30:59,acct6140@protonmail.com,monthly,Solaris Monthly,4.99,BRL,BR,187.7.47.121,411111,6517,BR,approved
txn_00160,2026-01-26T11:26:00,acct8160@yahoo.com,monthly,Solaris Monthly,4.99,BRL,BR,5.188.136.67,424242,6546,BR,approved
txn_00597,2026-01-26T13:34:50,customer597@protonmail.com,monthly,Solaris Monthly,99.0,MXN,MX,189.181.208.79,531313,6062,MX,declined_insufficient_funds
txn_00239,2026-01-26T13:47:09,sub239@hotmail.com,annual,Solaris Annual,49.99,BRL,BR,187.239.27.50,411111,5703,BR,chargeback
txn_00426,2026-01-26T17:14:28,user426@gmail.com,monthly,Solaris Monthly,99.0,MXN,MX,189.171.47.120,424242,2556,MX,approved
txn_00153,2026-01-26T17:42:18,member8153@outlook.com,annual,Solaris Annual,49.99,BRL,BR,5.188.89.240,411111,1086,BR,approved
txn_00284,2026-01-26T18:09:19,sub284@outlook.com,monthly,Solaris Monthly,99.0,MXN,MX,189.75.12.23,601100,2133,MX,approved
txn_00321,2026-01-26T18:54:50,sub321@yahoo.com,monthly,Solaris Monthly,99.0,MXN,MX,189.238.212.31,451200,6759,MX,approved
txn_00588,2026-01-26T20:40:54,sub588@protonmail.com,monthly,Solaris Monthly,4.99,BRL,BR,187.226.50.25,601100,9991,BR,approved
txn_00069,2026-01-26T21:17:45,user5064@protonmail.com,monthly,Solaris Monthly,99.0,MXN,MX,189.202.67.153,999004,9691,MX,declined_insufficient_funds
txn_00046,2026-01-27T00:34:25,sub5039@yahoo.com,annual,Solaris Annual,199000.0,COP,CO,190.240.149.16,999001,3858,CO,declined_insufficient_funds
txn_00278,2026-01-27T02:01:35,member278@outlook.com,monthly,Solaris Monthly,4.99,BRL,BR,187.142.232.186,601100,5933,BR,approved
txn_00450,2026-01-27T02:36:05,member450@yahoo.com,annual,Solaris Annual,990.0,MXN,MX,189.181.208.79,601100,3636,MX,approved
txn_00045,2026-01-27T03:54:47,sub5039@yahoo.com,monthly,Solaris Monthly,19900.0,COP,CO,190.147.224.63,999001,5542,CO,declined_insufficient_funds
txn_00586,2026-01-27T04:03:22,cliente586@protonmail.com,annual,Solaris Annual,990.0,MXN,MX,189.4.153.53,424242,1893,MX,declined_fraud
txn_00362,2026-01-27T04:05:49,user362@gmail.com,monthly,Solaris Monthly,19900.0,COP,CO,190.217.169.180,531313,6301,CO,declined_insufficient_funds
txn_00385,2026-01-27T04:39:54,sub385@hotmail.com,monthly,Solaris Monthly,4.99,BRL,BR,187.125.114.71,451200,2843,BR,approved
txn_00617,2026-01-27T04:43:51,user617@hotmail.com,monthly,Solaris Monthly,99.0,MXN,MX,189.113.102.235,601100,4401,MX,approved
txn_00099,2026-01-27T07:52:41,sub7099@protonmail.com,monthly,Solaris Monthly,19900.0,COP,CO,190.41.20.221,650000,6179,CO,approved
txn_00182,2026-01-27T10:16:33,user4182@protonmail.com,annual,Solaris Annual,990.0,MXN,MX,189.234.161.37,999001,5982,MX,chargeback
txn_00579,2026-01-27T10:29:16,customer579@hotmail.com,monthly,Solaris Monthly,99.0,MXN,MX,189.218.4.57,650000,9231,MX,approved
txn_00100,2026-01-27T11:52:41,sub7099@protonmail.com,annual,Solaris Annual,199000.0,COP,CO,190.41.20.221,650000,6179,CO,approved
txn_00500,2026-01-27T12:19:48,member500@gmail.com,monthly,Solaris Monthly,4.99,BRL,BR,187.255.202.234,650000,7698,BR,approved
txn_00559,2026-01-27T12:37:03,user559@protonmail.com,monthly,Solaris Monthly,4.99,BRL,BR,187.181.216.210,601100,3627,BR,declined_fraud
txn_00072,2026-01-27T13:15:49,user5064@protonmail.com,monthly,Solaris Monthly,99.0,MXN,MX,189.199.214.112,999004,2336,MX,approved
txn_00488,2026-01-27T15:20:04,cliente488@hotmail.com,monthly,Solaris Monthly,4.99,BRL,BR,187.236.127.38,601100,4465,BR,approved
txn_00458,2026-01-27T17:40:48,user458@protonmail.com,monthly,Solaris Monthly,4.99,BRL,BR,187.126.134.219,531313,9529,BR,approved
txn_00613,2026-01-27T20:53:17,acct613@hotmail.com,annual,Solaris Annual,990.0,MXN,MX,189.4.234.51,531313,6491,MX,approved
txn_00209,2026-01-27T21:19:42,acct209@yahoo.com,monthly,Solaris Monthly,4.99,BRL,BR,187.236.127.38,531313,6373,BR,approved
txn_00611,2026-01-27T23:04:00,member611@yahoo.com,annual,Solaris Annual,199000.0,COP,CO,190.215.250.54,438600,2477,CO,approved
txn_00416,2026-01-28T00:06:11,member416@hotmail.com,annual,Solaris Annual,990.0,MXN,MX,189.1.170.66,650000,9031,MX,declined_insufficient_funds
txn_00330,2026-01-28T02:31:33,acct330@yahoo.com,monthly,Solaris Monthly,4.99,BRL,BR,187.97.229.71,650000,9568,BR,approved
txn_00382,2026-01-28T02:45:39,sub382@hotmail.com,annual,Solaris Annual,990.0,MXN,MX,189.81.243.230,531313,2970,MX,declined_fraud
txn_00553,2026-01-28T02:59:20,member553@gmail.com,annual,Solaris Annual,990.0,MXN,MX,189.104.135.250,541500,8113,MX,approved
txn_00531,2026-01-28T03:14:22,customer531@hotmail.com,monthly,Solaris Monthly,19900.0,COP,CO,190.247.141.144,601100,8598,CO,declined_insufficient_funds
txn_00302,2026-01-28T03:58:39,acct302@yahoo.com,annual,Solaris Annual,49.99,BRL,BR,187.111.119.13,601100,4683,BR,approved
txn_00259,2026-01-28T05:12:31,customer259@yahoo.com,monthly,Solaris Monthly,19900.0,COP,CO,190.115.194.230,438600,3756,CO,approved
txn_00364,2026-01-28T10:57:38,customer364@yahoo.com,annual,Solaris Annual,49.99,BRL,BR,187.87.125.83,451200,8982,BR,approved
txn_00365,2026-01-28T12:17:58,customer365@protonmail.com,monthly,Solaris Monthly,19900.0,COP,CO,190.139.252.224,650000,4657,CO,approved
txn_00495,2026-01-28T14:42:42,acct495@gmail.com,monthly,Solaris Monthly,19900.0,COP,CO,190.156.30.50,451200,3450,CO,approved
txn_00263,2026-01-28T16:51:39,acct263@outlook.com,monthly,Solaris Monthly,99.0,MXN,MX,189.35.142.179,601100,1280,MX,approved
txn_00491,2026-01-28T17:45:32,cliente491@yahoo.com,monthly,Solaris Monthly,99.0,MXN,MX,189.78.109.32,531313,1916,MX,approved
txn_00405,2026-01-28T19:02:18,customer405@protonmail.com,monthly,Solaris Monthly,19900.0,COP,CO,190.128.118.61,601100,3785,CO,approved
txn_00549,2026-01-28T19:35:01,acct549@outlook.com,monthly,Solaris Monthly,4.99,BRL,BR,187.128.5.58,451200,2169,BR,declined_fraud
txn_00181,2026-01-28T20:00:08,acct4181@protonmail.com,annual,Solaris Annual,199000.0,COP,CO,185.220.101.47,999002,3114,CO,chargeback
txn_00366,2026-01-28T20:08:26,acct366@gmail.com,monthly,Solaris Monthly,4.99,BRL,BR,187.112.166.28,411111,7415,BR,declined_insufficient_funds
txn_00161,2026-01-28T20:22:09,customer8161@outlook.com,monthly,Solaris Monthly,19900.0,COP,CO,5.188.226.142,438600,8498,CO,approved
txn_00427,2026-01-28T21:03:29,member427@yahoo.com,monthly,Solaris Monthly,4.99,BRL,BR,187.67.242.124,601100,2522,BR,approved
txn_00472,2026-01-28T22:22:01,cliente472@hotmail.com,monthly,Solaris Monthly,99.0,MXN,MX,189.211.12.91,451200,9397,MX,declined_fraud
txn_00600,2026-01-28T23:14:42,user600@hotmail.com,monthly,Solaris Monthly,19900.0,COP,CO,190.132.174.143,531313,4079,CO,chargeback
txn_00293,2026-01-29T01:09:23,sub293@hotmail.com,monthly,Solaris Monthly,4.99,BRL,BR,187.169.36.121,438600,4798,BR,approved
txn_00299,2026-01-29T01:59:08,member299@hotmail.com,monthly,Solaris Monthly,99.0,MXN,MX,189.65.21.157,531313,9022,MX,approved
txn_00558,2026-01-29T05:06:17,customer558@outlook.com,monthly,Solaris Monthly,4.99,BRL,BR,187.67.242.124,601100,9892,BR,approved
txn_00607,2026-01-29T05:11:30,customer607@gmail.com,monthly,Solaris Monthly,99.0,MXN,MX,189.163.41.70,451200,9456,MX,approved
txn_00163,2026-01-29T06:39:05,member8163@gmail.com,annual,Solaris Annual,990.0,MXN,MX,5.188.14.122,438600,1783,MX,approved
txn_00147,2026-01-29T10:02:42,member8147@outlook.com,annual,Solaris Annual,49.99,BRL,BR,5.188.59.206,541500,8218,BR,approved
txn_00582,2026-01-29T12:28:20,sub582@protonmail.com,monthly,Solaris Monthly,99.0,MXN,MX,189.54.217.112,541500,8993,MX,chargeback
txn_00454,2026-01-29T12:54:11,customer454@protonmail.com,annual,Solaris Annual,199000.0,COP,CO,190.138.247.238,650000,9955,CO,declined_insufficient_funds
txn_00552,2026-01-29T15:31:47,sub552@yahoo.com,monthly,Solaris Monthly,99.0,MXN,MX,189.120.139.171,424242,5150,MX,approved
txn_00585,2026-01-29T16:39:00,user585@hotmail.com,monthly,Solaris Monthly,4.99,BRL,BR,187.67.242.124,531313,8216,BR,approved
txn_00281,2026-01-29T18:00:32,member281@protonmail.com,monthly,Solaris Monthly,4.99,BRL,BR,187.25.244.80,531313,5922,BR,approved
txn_00603,2026-01-29T20:19:05,sub603@hotmail.com,annual,Solaris Annual,49.99,BRL,BR,187.3.36.30,411111,5421,BR,approved
txn_00453,2026-01-29T20:36:49,customer453@yahoo.com,monthly,Solaris Monthly,19900.0,COP,CO,190.47.150.113,411111,1212,CO,declined_fraud
txn_00327,2026-01-29T20:44:32,user327@protonmail.com,annual,Solaris Annual,990.0,MXN,MX,189.35.142.179,424242,6077,MX,approved
txn_00214,2026-01-29T21:33:03,cliente214@outlook.com,monthly,Solaris Monthly,4.99,BRL,BR,187.67.242.124,650000,7861,BR,approved
txn_00254,2026-01-29T22:16:30,customer254@protonmail.com,monthly,Solaris Monthly,19900.0,COP,CO,190.122.64.242,438600,4974,CO,approved
txn_00322,2026-01-29T23:21:41,customer322@yahoo.com,monthly,Solaris Monthly,4.99,BRL,BR,187.25.244.80,601100,1439,BR,approved
txn_00596,2026-01-30T00:53:22,acct596@hotmail.com,monthly,Solaris Monthly,4.99,BRL,BR,187.101.78.191,650000,8359,BR,approved
txn_00376,2026-01-30T01:07:03,user376@gmail.com,monthly,Solaris Monthly,19900.0,COP,CO,190.147.224.63,438600,4271,CO,approved
txn_00268,2026-01-30T01:21:24,member268@gmail.com,monthly,Solaris Monthly,99.0,MXN,MX,189.35.142.179,411111,3938,MX,approved
txn_00368,2026-01-30T04:17:59,user368@yahoo.com,monthly,Solaris Monthly,4.99,BRL,BR,187.176.135.22,650000,8317,BR,approved
txn_00621,2026-01-30T04:29:15,sub621@protonmail.com,monthly,Solaris Monthly,99.0,MXN,MX,189.35.142.179,650000,9635,MX,approved
txn_00173,2026-01-30T09:59:33,member4173@outlook.com,annual,Solaris Annual,990.0,MXN,MX,189.20.41.214,999001,5678,MX,chargeback
txn_00057,2026-01-30T10:31:12,customer5057@protonmail.com,annual,Solaris Annual,199000.0,COP,CO,190.223.137.165,999003,6553,CO,declined_fraud
txn_00070,2026-01-30T10:38:52,user5064@protonmail.com,annual,Solaris Annual,990.0,MXN,MX,189.233.212.99,999004,3578,MX,declined_fraud
txn_00320,2026-01-30T13:06:30,acct320@outlook.com,monthly,Solaris Monthly,4.99,BRL,BR,187.73.135.71,531313,7745,BR,approved
txn_00516,2026-01-30T14:38:52,member516@yahoo.com,annual,Solaris Annual,49.99,BRL,BR,187.30.84.194,531313,8807,BR,approved
txn_00483,2026-01-30T14:56:33,member483@gmail.com,annual,Solaris Annual,990.0,MXN,MX,189.77.118.196,531313,8921,MX,approved
txn_00027,2026-01-30T15:20:31,cliente9027@hotmail.com,monthly,Solaris Monthly,19900.0,COP,CO,185.220.101.156,650000,7807,CO,declined_insufficient_funds
txn_00028,2026-01-30T15:25:31,acct9028@yahoo.com,monthly,Solaris Monthly,19900.0,COP,CO,185.220.101.156,650000,9697,CO,declined_insufficient_funds
txn_00025,2026-01-30T15:33:31,customer9025@gmail.com,monthly,Solaris Monthly,19900.0,COP,CO,185.220.101.156,531313,2591,CO,declined_fraud
txn_00358,2026-01-30T15:37:58,customer358@gmail.com,monthly,Solaris Monthly,4.99,BRL,BR,187.70.252.46,601100,9743,BR,chargeback
txn_00026,2026-01-30T15:48:31,customer9026@hotmail.com,monthly,Solaris Monthly,19900.0,COP,CO,185.220.101.156,411111,6977,CO,declined_insufficient_funds
txn_00514,2026-01-30T16:45:50,user514@outlook.com,monthly,Solaris Monthly,19900.0,COP,CO,190.127.60.213,424242,5224,CO,approved
txn_00030,2026-01-30T16:51:31,cliente9030@outlook.com,monthly,Solaris Monthly,19900.0,COP,CO,185.220.101.156,424242,3306,CO,approved
txn_00029,2026-01-30T16:55:31,customer9029@yahoo.com,monthly,Solaris Monthly,19900.0,COP,CO,185.220.101.156,438600,5835,CO,approved
txn_00031,2026-01-30T16:57:31,sub9031@gmail.com,monthly,Solaris Monthly,19900.0,COP,CO,185.220.101.156,650000,2479,CO,declined_insufficient_funds
txn_00247,2026-01-30T17:32:00,customer247@protonmail.com,monthly,Solaris Monthly,19900.0,COP,CO,190.125.44.142,601100,3347,CO,approved
txn_00051,2026-01-30T18:07:27,user5049@hotmail.com,annual,Solaris Annual,990.0,MXN,MX,189.4.234.51,999002,8504,MX,declined_insufficient_funds
txn_00406,2026-01-30T18:56:38,customer406@gmail.com,monthly,Solaris Monthly,99.0,MXN,MX,189.163.41.70,531313,6499,MX,approved
txn_00136,2026-01-30T23:56:30,cliente6136@hotmail.com,monthly,Solaris Monthly,99.0,MXN,MX,189.186.220.35,438600,4145,MX,declined_fraud
txn_00137,2026-01-31T00:16:30,cliente6136@hotmail.com,monthly,Solaris Monthly,99.0,MXN,MX,189.186.220.35,438600,4145,MX,declined_fraud
txn_00138,2026-01-31T00:36:30,cliente6136@hotmail.com,monthly,Solaris Monthly,99.0,MXN,MX,189.186.220.35,438600,4145,MX,declined_insufficient_funds
txn_00539,2026-01-31T00:37:25,sub539@protonmail.com,annual,Solaris Annual,199000.0,COP,CO,190.240.245.225,601100,6688,CO,approved
txn_00595,2026-01-31T00:58:22,acct595@protonmail.com,monthly,Solaris Monthly,4.99,BRL,BR,187.142.232.186,424242,7262,BR,approved
txn_00139,2026-01-31T01:06:30,cliente6136@hotmail.com,monthly,Solaris Monthly,99.0,MXN,MX,189.186.220.35,438600,4145,MX,approved
txn_00224,2026-01-31T06:33:22,customer224@protonmail.com,monthly,Solaris Monthly,4.99,BRL,BR,187.150.222.80,411111,2465,BR,approved
txn_00022,2026-01-31T06:56:08,cliente9022@outlook.com,monthly,Solaris Monthly,99.0,MXN,MX,185.220.101.112,438600,2747,MX,declined_insufficient_funds
txn_00024,2026-01-31T07:06:08,member9024@hotmail.com,monthly,Solaris Monthly,99.0,MXN,MX,185.220.101.112,411111,9138,MX,approved
txn_00021,2026-01-31T07:09:08,sub9021@yahoo.com,monthly,Solaris Monthly,99.0,MXN,MX,185.220.101.112,451200,5097,MX,declined_fraud
txn_00023,2026-01-31T07:44:08,user9023@outlook.com,monthly,Solaris Monthly,99.0,MXN,MX,185.220.101.112,601100,5837,MX,declined_fraud
txn_00019,2026-01-31T07:52:08,sub9019@yahoo.com,monthly,Solaris Monthly,99.0,MXN,MX,185.220.101.112,601100,1153,MX,declined_fraud
txn_00020,2026-01-31T07:57:08,member9020@protonmail.com,monthly,Solaris Monthly,99.0,MXN,MX,185.220.101.112,424242,8237,MX,declined_fraud
txn_00344,2026-01-31T08:10:36,sub344@yahoo.com,monthly,Solaris Monthly,19900.0,COP,CO,190.116.184.91,650000,6211,CO,approved
txn_00245,2026-01-31T09:01:30,sub245@outlook.com,monthly,Solaris Monthly,99.0,MXN,MX,189.37.109.135,541500,1724,MX,approved
txn_00474,2026-01-31T09:15:02,member474@hotmail.com,monthly,Solaris Monthly,4.99,BRL,BR,187.151.111.29,438600,6420,BR,approved
txn_00230,2026-01-31T10:24:07,member230@outlook.com,monthly,Solaris Monthly,4.99,BRL,BR,187.250.9.57,541500,1111,BR,approved
txn_00525,2026-01-31T10:43:58,user525@yahoo.com,monthly,Solaris Monthly,4.99,BRL,BR,187.249.79.97,531313,4744,BR,declined_fraud
txn_00040,2026-01-31T11:05:28,sub5039@yahoo.com,annual,Solaris Annual,199000.0,COP,CO,190.179.114.35,999001,9920,CO,declined_insufficient_funds
txn_00593,2026-01-31T11:11:54,member593@yahoo.com,annual,Solaris Annual,990.0,MXN,MX,189.160.122.135,650000,6765,MX,chargeback
txn_00231,2026-01-31T11:18:44,customer231@yahoo.com,monthly,Solaris Monthly,4.99,BRL,BR,187.151.111.29,411111,5285,BR,approved
txn_00343,2026-01-31T11:51:32,customer343@hotmail.com,monthly,Solaris Monthly,19900.0,COP,CO,190.172.194.142,411111,8126,CO,declined_fraud
txn_00523,2026-01-31T12:17:13,acct523@yahoo.com,monthly,Solaris Monthly,4.99,BRL,BR,187.84.135.216,601100,4066,BR,declined_insufficient_funds
txn_00146,2026-01-31T12:44:33,sub8146@yahoo.com,annual,Solaris Annual,199000.0,COP,CO,5.188.18.232,411111,8355,CO,approved
txn_00328,2026-01-31T14:01:57,customer328@outlook.com,monthly,Solaris Monthly,4.99,BRL,BR,187.31.160.29,424242,6081,BR,approved
txn_00269,2026-01-31T16:10:13,cliente269@protonmail.com,monthly,Solaris Monthly,99.0,MXN,MX,189.146.107.220,424242,5903,MX,declined_fraud
txn_00277,2026-01-31T18:48:55,user277@protonmail.com,monthly,Solaris Monthly,4.99,BRL,BR,187.232.1.134,451200,7353,BR,approved
txn_00292,2026-01-31T20:10:45,customer292@hotmail.com,monthly,Solaris Monthly,99.0,MXN,MX,189.160.122.135,650000,2791,MX,approved
txn_00606,2026-01-31T22:17:11,sub606@gmail.com,monthly,Solaris Monthly,99.0,MXN,MX,189.234.161.37,424242,8399,MX,approved
txn_00476,2026-01-31T22:48:53,user476@yahoo.com,annual,Solaris Annual,990.0,MXN,MX,189.223.59.197,451200,3762,MX,approved
txn_00273,2026-01-31T23:08:05,acct273@yahoo.com,annual,Solaris Annual,49.99,BRL,BR,187.151.111.29,451200,2404,BR,approved
txn_00550,2026-01-31T23:57:53,sub550@outlook.com,annual,Solaris Annual,199000.0,COP,CO,190.223.248.14,424242,5078,CO,approved
txn_00113,2026-02-01T00:38:32,customer6113@gmail.com,monthly,Solaris Monthly,99.0,MXN,MX,189.68.237.162,531313,1641,MX,declined_insufficient_funds
txn_00114,2026-02-01T00:58:32,customer6113@gmail.com,monthly,Solaris Monthly,99.0,MXN,MX,189.68.237.162,531313,1641,MX,declined_insufficient_funds
txn_00115,2026-02-01T01:18:32,customer6113@gmail.com,monthly,Solaris Monthly,99.0,MXN,MX,189.68.237.162,531313,1641,MX,declined_fraud
txn_00116,2026-02-01T01:38:32,customer6113@gmail.com,monthly,Solaris Monthly,99.0,MXN,MX,189.68.237.162,531313,1641,MX,declined_insufficient_funds
txn_00117,2026-02-01T01:58:32,customer6113@gmail.com,monthly,Solaris Monthly,99.0,MXN,MX,189.68.237.162,531313,1641,MX,declined_insufficient_funds
txn_00118,2026-02-01T02:28:32,customer6113@gmail.com,monthly,Solaris Monthly,99.0,MXN,MX,189.68.237.162,531313,1641,MX,approved
txn_00393,2026-02-01T02:40:38,cliente393@gmail.com,monthly,Solaris Monthly,19900.0,COP,CO,190.84.239.65,531313,4158,CO,approved
txn_00498,2026-02-01T08:32:05,sub498@hotmail.com,monthly,Solaris Monthly,99.0,MXN,MX,189.194.89.154,650000,2600,MX,approved
txn_00424,2026-02-01T10:08:09,user424@gmail.com,monthly,Solaris Monthly,99.0,MXN,MX,189.218.4.57,424242,9383,MX,approved
txn_00564,2026-02-01T10:11:24,acct564@protonmail.com,monthly,Solaris Monthly,99.0,MXN,MX,189.207.0.155,438600,9615,MX,approved
txn_00095,2026-02-01T10:13:28,member7095@hotmail.com,monthly,Solaris Monthly,99.0,MXN,MX,189.195.19.240,424242,3399,MX,approved
txn_00096,2026-02-01T12:13:28,member7095@hotmail.com,annual,Solaris Annual,990.0,MXN,MX,189.195.19.240,424242,3399,MX,approved
txn_00512,2026-02-01T12:14:04,user512@protonmail.com,annual,Solaris Annual,49.99,BRL,BR,187.172.52.47,601100,6570,BR,declined_fraud
txn_00480,2026-02-01T15:38:24,user480@protonmail.com,monthly,Solaris Monthly,99.0,MXN,MX,189.212.208.169,451200,4485,MX,chargeback
txn_00378,2026-02-01T18:45:43,sub378@gmail.com,monthly,Solaris Monthly,4.99,BRL,BR,187.204.191.224,650000,4056,BR,approved
txn_00485,2026-02-01T18:47:07,customer485@yahoo.com,monthly,Solaris Monthly,4.99,BRL,BR,187.250.9.57,424242,9542,BR,approved
txn_00493,2026-02-01T20:11:20,acct493@protonmail.com,monthly,Solaris Monthly,4.99,BRL,BR,187.3.36.30,531313,3979,BR,approved
txn_00377,2026-02-01T20:45:09,sub377@outlook.com,monthly,Solaris Monthly,4.99,BRL,BR,187.98.35.23,601100,7512,BR,approved
txn_00517,2026-02-01T21:13:10,cliente517@hotmail.com,monthly,Solaris Monthly,19900.0,COP,CO,190.35.174.6,438600,4271,CO,approved
txn_00307,2026-02-01T23:28:38,member307@protonmail.com,annual,Solaris Annual,990.0,MXN,MX,189.189.75.220,650000,5794,MX,approved
txn_00544,2026-02-02T01:12:01,customer544@protonmail.com,monthly,Solaris Monthly,99.0,MXN,MX,189.3.180.152,601100,5664,MX,declined_fraud
txn_00545,2026-02-02T05:03:33,acct545@outlook.com,annual,Solaris Annual,49.99,BRL,BR,187.232.1.134,424242,8460,BR,approved
txn_00227,2026-02-02T05:52:41,acct227@outlook.com,monthly,Solaris Monthly,4.99,BRL,BR,187.246.109.205,438600,3198,BR,approved
txn_00073,2026-02-02T06:15:44,sub7073@outlook.com,monthly,Solaris Monthly,99.0,MXN,MX,189.90.237.25,438600,7785,MX,approved
txn_00445,2026-02-02T06:45:44,acct445@hotmail.com,monthly,Solaris Monthly,19900.0,COP,CO,190.156.30.50,451200,7859,CO,approved
txn_00184,2026-02-02T07:45:31,cliente4184@protonmail.com,annual,Solaris Annual,990.0,MXN,MX,189.20.41.214,999001,3050,MX,chargeback
txn_00074,2026-02-02T08:15:44,sub7073@outlook.com,annual,Solaris Annual,990.0,MXN,MX,189.90.237.25,438600,7785,MX,approved
txn_00434,2026-02-02T12:04:35,cliente434@yahoo.com,monthly,Solaris Monthly,19900.0,COP,CO,190.172.194.142,438600,6253,CO,approved
txn_00354,2026-02-02T13:57:45,user354@gmail.com,monthly,Solaris Monthly,99.0,MXN,MX,189.127.62.233,451200,8848,MX,approved
txn_00594,2026-02-02T14:26:58,user594@protonmail.com,monthly,Solaris Monthly,4.99,BRL,BR,187.81.216.174,601100,7343,BR,approved
txn_00640,2026-02-02T18:01:50,member640@hotmail.com,monthly,Solaris Monthly,99.0,MXN,MX,189.121.83.90,650000,6218,MX,approved
txn_00589,2026-02-02T18:53:59,cliente589@gmail.com,monthly,Solaris Monthly,4.99,BRL,BR,187.7.47.121,411111,5185,BR,approved
txn_00572,2026-02-02T19:26:44,customer572@gmail.com,monthly,Solaris Monthly,19900.0,COP,CO,190.129.244.58,451200,1003,CO,approved
txn_00506,2026-02-02T21:45:39,acct506@protonmail.com,annual,Solaris Annual,49.99,BRL,BR,187.111.119.13,451200,7564,BR,approved
txn_00638,2026-02-02T21:52:30,cliente638@hotmail.com,monthly,Solaris Monthly,4.99,BRL,BR,187.101.78.191,541500,6257,BR,approved
txn_00622,2026-02-02T22:35:50,customer622@protonmail.com,monthly,Solaris Monthly,4.99,BRL,BR,187.7.47.121,424242,8924,BR,declined_fraud
txn_00614,2026-02-03T00:27:13,customer614@outlook.com,monthly,Solaris Monthly,99.0,MXN,MX,189.86.43.145,601100,6071,MX,approved
txn_00079,2026-02-03T01:13:49,cliente7079@yahoo.com,monthly,Solaris Monthly,4.99,BRL,BR,187.73.135.71,531313,5186,BR,approved
txn_00447,2026-02-03T02:32:58,cliente447@protonmail.com,monthly,Solaris Monthly,4.99,BRL,BR,187.30.84.194,541500,4291,BR,declined_insufficient_funds
txn_00481,2026-02-03T03:02:18,cliente481@protonmail.com,monthly,Solaris Monthly,4.99,BRL,BR,187.107.136.36,650000,7430,BR,approved
txn_00080,2026-02-03T04:13:49,cliente7079@yahoo.com,annual,Solaris Annual,49.99,BRL,BR,187.73.135.71,531313,5186,BR,approved
txn_00459,2026-02-03T06:02:20,member459@yahoo.com,monthly,Solaris Monthly,4.99,BRL,BR,187.126.134.219,541500,6437,BR,approved
txn_00056,2026-02-03T07:34:50,user5049@hotmail.com,annual,Solaris Annual,990.0,MXN,MX,189.10.194.244,999002,2624,MX,declined_fraud
txn_00371,2026-02-03T07:35:36,user371@gmail.com,monthly,Solaris Monthly,99.0,MXN,MX,189.170.210.127,531313,8393,MX,approved
txn_00228,2026-02-03T07:43:41,user228@yahoo.com,monthly,Solaris Monthly,4.99,BRL,BR,187.48.49.220,601100,4050,BR,approved
txn_00422,2026-02-03T08:06:32,customer422@outlook.com,monthly,Solaris Monthly,4.99,BRL,BR,187.226.50.25,541500,6864,BR,approved
txn_00403,2026-02-03T08:24:15,customer403@outlook.com,monthly,Solaris Monthly,99.0,MXN,MX,189.223.59.197,531313,1417,MX,approved
txn_00304,2026-02-03T10:51:21,user304@hotmail.com,annual,Solaris Annual,990.0,MXN,MX,189.75.12.23,541500,7965,MX,approved
txn_00446,2026-02-03T12:15:32,acct446@protonmail.com,annual,Solaris Annual,49.99,BRL,BR,187.142.232.186,531313,7762,BR,approved
txn_00249,2026-02-03T13:23:43,sub249@hotmail.com,monthly,Solaris Monthly,99.0,MXN,MX,189.132.126.141,650000,7821,MX,approved
txn_00626,2026-02-03T13:51:22,user626@yahoo.com,monthly,Solaris Monthly,4.99,BRL,BR,187.108.161.108,601100,5168,BR,approved
txn_00468,2026-02-03T15:05:56,user468@yahoo.com,monthly,Solaris Monthly,99.0,MXN,MX,189.80.224.154,650000,9238,MX,approved
txn_00314,2026-02-03T15:41:55,customer314@hotmail.com,monthly,Solaris Monthly,4.99,BRL,BR,187.57.12.140,451200,4314,BR,declined_insufficient_funds
txn_00253,2026-02-03T17:14:22,cliente253@yahoo.com,annual,Solaris Annual,199000.0,COP,CO,190.30.84.157,541500,8854,CO,approved
txn_00599,2026-02-03T17:25:34,sub599@outlook.com,monthly,Solaris Monthly,4.99,BRL,BR,187.83.189.181,411111,6221,BR,declined_insufficient_funds
txn_00471,2026-02-03T18:59:27,acct471@gmail.com,monthly,Solaris Monthly,4.99,BRL,BR,187.57.12.140,451200,9800,BR,approved
txn_00475,2026-02-03T20:08:15,member475@protonmail.com,monthly,Solaris Monthly,19900.0,COP,CO,190.47.150.113,438600,8383,CO,approved
txn_00340,2026-02-03T22:16:33,customer340@outlook.com,monthly,Solaris Monthly,19900.0,COP,CO,190.223.248.14,650000,1023,CO,approved
txn_00211,2026-02-03T22:28:14,sub211@protonmail.com,annual,Solaris Annual,199000.0,COP,CO,190.94.98.110,650000,2795,CO,approved
txn_00255,2026-02-03T23:20:16,acct255@yahoo.com,monthly,Solaris Monthly,4.99,BRL,BR,187.150.222.80,451200,8639,BR,approved
txn_00360,2026-02-04T00:04:22,sub360@protonmail.com,monthly,Solaris Monthly,99.0,MXN,MX,189.77.118.196,531313,4084,MX,approved
txn_00091,2026-02-04T01:29:45,acct7091@outlook.com,monthly,Solaris Monthly,99.0,MXN,MX,189.132.126.141,424242,7484,MX,approved
txn_00644,2026-02-04T01:37:57,user644@outlook.com,monthly,Solaris Monthly,4.99,BRL,BR,187.119.51.194,424242,8672,BR,approved
txn_00636,2026-02-04T02:19:10,user636@gmail.com,annual,Solaris Annual,990.0,MXN,MX,189.233.212.99,451200,9558,MX,approved
txn_00059,2026-02-04T04:06:58,customer5057@protonmail.com,monthly,Solaris Monthly,19900.0,COP,CO,190.94.98.110,999003,8770,CO,declined_fraud
txn_00092,2026-02-04T04:29:45,acct7091@outlook.com,annual,Solaris Annual,990.0,MXN,MX,189.132.126.141,424242,7484,MX,approved
txn_00256,2026-02-04T04:34:50,cliente256@yahoo.com,monthly,Solaris Monthly,4.99,BRL,BR,187.235.63.193,438600,6246,BR,approved
txn_00297,2026-02-04T04:53:16,customer297@hotmail.com,monthly,Solaris Monthly,4.99,BRL,BR,187.112.166.28,601100,2388,BR,approved
txn_00171,2026-02-04T06:17:08,member4171@outlook.com,annual,Solaris Annual,199000.0,COP,CO,190.199.172.207,999001,5566,CO,chargeback
txn_00573,2026-02-04T06:53:25,cliente573@hotmail.com,monthly,Solaris Monthly,19900.0,COP,CO,190.250.123.243,411111,5920,CO,declined_fraud
txn_00519,2026-02-04T07:29:14,member519@protonmail.com,monthly,Solaris Monthly,99.0,MXN,MX,189.225.39.146,411111,8901,MX,chargeback
txn_00591,2026-02-04T07:31:58,acct591@gmail.com,monthly,Solaris Monthly,19900.0,COP,CO,190.51.99.151,541500,7237,CO,approved
txn_00246,2026-02-04T11:32:59,customer246@protonmail.com,monthly,Solaris Monthly,99.0,MXN,MX,189.1.170.66,601100,4836,MX,approved
txn_00291,2026-02-04T11:33:23,customer291@outlook.com,monthly,Solaris Monthly,4.99,BRL,BR,187.239.27.50,424242,8178,BR,approved
txn_00335,2026-02-04T12:45:05,cliente335@outlook.com,monthly,Solaris Monthly,99.0,MXN,MX,189.86.43.145,541500,6272,MX,approved
txn_00390,2026-02-04T13:50:19,customer390@outlook.com,monthly,Solaris Monthly,19900.0,COP,CO,190.223.137.165,531313,5923,CO,approved
txn_00166,2026-02-04T14:14:18,acct8166@yahoo.com,monthly,Solaris Monthly,4.99,BRL,BR,5.188.147.205,531313,5843,BR,approved
txn_00054,2026-02-04T15:17:14,user5049@hotmail.com,monthly,Solaris Monthly,99.0,MXN,MX,189.125.189.145,999002,5505,MX,declined_fraud
txn_00551,2026-02-04T16:23:45,sub551@yahoo.com,monthly,Solaris Monthly,4.99,BRL,BR,187.235.63.193,541500,8746,BR,approved
txn_00215,2026-02-04T18:42:36,cliente215@protonmail.com,annual,Solaris Annual,199000.0,COP,CO,190.133.194.167,531313,9498,CO,approved
txn_00401,2026-02-04T18:48:43,member401@yahoo.com,annual,Solaris Annual,49.99,BRL,BR,187.40.150.185,438600,2045,BR,approved
txn_00282,2026-02-04T19:41:05,acct282@hotmail.com,monthly,Solaris Monthly,4.99,BRL,BR,187.82.0.165,601100,9044,BR,declined_fraud
txn_00295,2026-02-04T19:47:59,cliente295@yahoo.com,monthly,Solaris Monthly,4.99,BRL,BR,187.142.79.110,424242,9796,BR,approved
txn_00235,2026-02-04T22:17:05,cliente235@hotmail.com,annual,Solaris Annual,49.99,BRL,BR,187.30.84.194,541500,9792,BR,approved
txn_00548,2026-02-05T00:46:03,customer548@gmail.com,monthly,Solaris Monthly,99.0,MXN,MX,189.127.62.233,650000,8597,MX,approved
txn_00222,2026-02-05T00:49:11,user222@outlook.com,annual,Solaris Annual,199000.0,COP,CO,190.138.247.238,541500,1860,CO,approved
txn_00266,2026-02-05T01:57:29,sub266@outlook.com,monthly,Solaris Monthly,4.99,BRL,BR,187.125.114.71,531313,2354,BR,declined_fraud
txn_00351,2026-02-05T02:17:01,cliente351@gmail.com,monthly,Solaris Monthly,4.99,BRL,BR,187.142.79.110,541500,8265,BR,declined_insufficient_funds
txn_00287,2026-02-05T02:20:17,acct287@outlook.com,annual,Solaris Annual,990.0,MXN,MX,189.153.158.209,531313,1725,MX,approved
txn_00587,2026-02-05T02:39:51,sub587@gmail.com,monthly,Solaris Monthly,4.99,BRL,BR,187.98.35.23,601100,8373,BR,approved
txn_00410,2026-02-05T03:32:29,user410@outlook.com,monthly,Solaris Monthly,19900.0,COP,CO,190.58.83.159,650000,3954,CO,approved
txn_00208,2026-02-05T04:01:13,user208@hotmail.com,annual,Solaris Annual,990.0,MXN,MX,189.164.238.226,411111,1742,MX,approved
txn_00043,2026-02-05T04:33:58,sub5039@yahoo.com,monthly,Solaris Monthly,19900.0,COP,CO,190.58.111.238,999001,2124,CO,approved
txn_00258,2026-02-05T09:17:27,sub258@protonmail.com,monthly,Solaris Monthly,4.99,BRL,BR,187.204.185.112,451200,5026,BR,declined_fraud
txn_00290,2026-02-05T15:42:05,member290@yahoo.com,monthly,Solaris Monthly,19900.0,COP,CO,190.215.129.41,424242,3321,CO,approved
txn_00532,2026-02-05T16:21:09,user532@hotmail.com,monthly,Solaris Monthly,4.99,BRL,BR,187.35.34.120,451200,2168,BR,approved
txn_00386,2026-02-05T16:38:11,member386@protonmail.com,annual,Solaris Annual,199000.0,COP,CO,190.179.114.35,424242,2654,CO,approved
txn_00219,2026-02-05T18:06:39,sub219@outlook.com,annual,Solaris Annual,990.0,MXN,MX,189.204.169.14,424242,9899,MX,declined_fraud
txn_00011,2026-02-05T18:06:54,user9011@outlook.com,monthly,Solaris Monthly,99.0,MXN,MX,185.220.101.47,451200,3529,MX,declined_insufficient_funds
txn_00010,2026-02-05T18:17:54,acct9010@outlook.com,monthly,Solaris Monthly,99.0,MXN,MX,185.220.101.47,438600,2633,MX,declined_insufficient_funds
txn_00008,2026-02-05T18:45:54,customer9008@hotmail.com,monthly,Solaris Monthly,99.0,MXN,MX,185.220.101.47,451200,7325,MX,declined_insufficient_funds
txn_00183,2026-02-05T19:08:45,customer4183@hotmail.com,annual,Solaris Annual,49.99,BRL,BR,187.57.12.140,999001,9501,BR,chargeback
txn_00009,2026-02-05T19:08:54,acct9009@yahoo.com,monthly,Solaris Monthly,99.0,MXN,MX,185.220.101.47,531313,9229,MX,declined_insufficient_funds
txn_00199,2026-02-05T19:09:09,sub3199@hotmail.com,monthly,Solaris Monthly,99.0,MXN,MX,185.220.101.112,999004,9281,MX,declined_insufficient_funds
txn_00006,2026-02-05T19:15:54,member9006@hotmail.com,monthly,Solaris Monthly,99.0,MXN,MX,185.220.101.47,451200,8460,MX,declined_insufficient_funds
txn_00193,2026-02-05T19:29:09,acct3193@gmail.com,monthly,Solaris Monthly,99.0,MXN,MX,185.220.101.112,999004,9437,MX,declined_insufficient_funds
txn_00007,2026-02-05T19:34:54,sub9007@gmail.com,monthly,Solaris Monthly,99.0,MXN,MX,185.220.101.47,451200,4826,MX,declined_fraud
txn_00012,2026-02-05T19:45:54,customer9012@gmail.com,monthly,Solaris Monthly,99.0,MXN,MX,185.220.101.47,650000,7512,MX,declined_insufficient_funds
txn_00013,2026-02-05T19:54:54,customer9013@outlook.com,monthly,Solaris Monthly,99.0,MXN,MX,185.220.101.47,451200,6188,MX,declined_fraud
txn_00200,2026-02-05T20:13:09,user3200@yahoo.com,monthly,Solaris Monthly,99.0,MXN,MX,185.220.101.112,999004,1797,MX,declined_fraud
txn_00195,2026-02-05T20:29:09,member3195@outlook.com,monthly,Solaris Monthly,99.0,MXN,MX,185.220.101.112,999004,1829,MX,approved
txn_00521,2026-02-05T20:37:15,user521@protonmail.com,monthly,Solaris Monthly,4.99,BRL,BR,187.169.36.121,438600,9859,BR,approved
txn_00175,2026-02-05T20:46:47,customer4175@yahoo.com,annual,Solaris Annual,49.99,BRL,BR,185.220.101.34,999002,2063,BR,chargeback
txn_00197,2026-02-05T21:03:09,sub3197@protonmail.com,monthly,Solaris Monthly,99.0,MXN,MX,185.220.101.112,999004,3610,MX,approved
txn_00194,2026-02-05T21:06:09,member3194@outlook.com,monthly,Solaris Monthly,99.0,MXN,MX,185.220.101.112,999004,3007,MX,approved
txn_00577,2026-02-05T21:22:05,user577@yahoo.com,annual,Solaris Annual,990.0,MXN,MX,189.78.109.32,451200,2285,MX,approved
txn_00196,2026-02-05T21:57:09,member3196@protonmail.com,monthly,Solaris Monthly,99.0,MXN,MX,185.220.101.112,999004,3616,MX,approved
txn_00198,2026-02-05T22:22:09,sub3198@gmail.com,monthly,Solaris Monthly,99.0,MXN,MX,185.220.101.112,999004,6055,MX,declined_fraud
txn_00218,2026-02-05T22:23:06,member218@outlook.com,monthly,Solaris Monthly,19900.0,COP,CO,190.141.5.97,541500,9011,CO,declined_insufficient_funds
txn_00201,2026-02-05T22:36:09,member3201@protonmail.com,monthly,Solaris Monthly,99.0,MXN,MX,185.220.101.112,999004,8710,MX,declined_fraud
txn_00625,2026-02-05T23:22:18,user625@yahoo.com,monthly,Solaris Monthly,4.99,BRL,BR,187.255.202.234,451200,7783,BR,approved
txn_00065,2026-02-05T23:54:44,user5064@protonmail.com,monthly,Solaris Monthly,99.0,MXN,MX,189.65.98.215,999004,5564,MX,declined_insufficient_funds
txn_00167,2026-02-06T01:34:54,cliente8167@outlook.com,annual,Solaris Annual,990.0,MXN,MX,5.188.18.232,451200,6776,MX,approved
txn_00101,2026-02-06T02:02:32,sub7101@outlook.com,monthly,Solaris Monthly,4.99,BRL,BR,187.91.54.152,601100,1920,BR,approved
txn_00630,2026-02-06T03:58:07,acct630@yahoo.com,monthly,Solaris Monthly,4.99,BRL,BR,187.85.208.248,411111,4412,BR,approved
txn_00216,2026-02-06T04:46:27,member216@protonmail.com,monthly,Solaris Monthly,4.99,BRL,BR,187.112.166.28,438600,9734,BR,declined_fraud
txn_00439,2026-02-06T05:46:00,user439@yahoo.com,annual,Solaris Annual,990.0,MXN,MX,189.104.135.250,424242,4633,MX,declined_insufficient_funds
txn_00574,2026-02-06T06:22:08,user574@outlook.com,monthly,Solaris Monthly,99.0,MXN,MX,189.35.142.179,531313,2544,MX,approved
txn_00272,2026-02-06T06:33:00,sub272@hotmail.com,monthly,Solaris Monthly,99.0,MXN,MX,189.202.67.153,601100,8381,MX,approved
txn_00102,2026-02-06T07:02:32,sub7101@outlook.com,annual,Solaris Annual,49.99,BRL,BR,187.91.54.152,601100,1920,BR,approved
txn_00557,2026-02-06T09:17:43,customer557@outlook.com,annual,Solaris Annual,199000.0,COP,CO,190.174.94.26,541500,1349,CO,approved
txn_00048,2026-02-06T09:22:57,sub5039@yahoo.com,annual,Solaris Annual,199000.0,COP,CO,190.125.44.142,999001,1258,CO,declined_insufficient_funds
txn_00041,2026-02-06T09:53:07,sub5039@yahoo.com,monthly,Solaris Monthly,19900.0,COP,CO,190.132.174.143,999001,3001,CO,approved
txn_00359,2026-02-06T10:00:45,acct359@yahoo.com,annual,Solaris Annual,49.99,BRL,BR,187.112.166.28,531313,4875,BR,approved
txn_00355,2026-02-06T10:23:45,user355@outlook.com,monthly,Solaris Monthly,99.0,MXN,MX,189.132.126.141,541500,9907,MX,declined_fraud
txn_00601,2026-02-06T10:34:11,cliente601@gmail.com,monthly,Solaris Monthly,99.0,MXN,MX,189.10.194.244,541500,4804,MX,approved
txn_00508,2026-02-06T11:07:38,customer508@gmail.com,monthly,Solaris Monthly,99.0,MXN,MX,189.81.243.230,541500,3776,MX,approved
txn_00619,2026-02-06T11:39:00,customer619@protonmail.com,annual,Solaris Annual,990.0,MXN,MX,189.3.180.152,531313,8460,MX,approved
txn_00590,2026-02-06T11:41:08,sub590@yahoo.com,annual,Solaris Annual,49.99,BRL,BR,187.181.216.210,411111,2091,BR,approved
txn_00375,2026-02-06T12:23:46,cliente375@gmail.com,monthly,Solaris Monthly,4.99,BRL,BR,187.229.142.3,451200,9043,BR,approved
txn_00176,2026-02-06T13:10:08,cliente4176@hotmail.com,annual,Solaris Annual,199000.0,COP,CO,190.249.112.139,999002,9335,CO,chargeback
txn_00234,2026-02-06T13:30:35,sub234@protonmail.com,monthly,Solaris Monthly,19900.0,COP,CO,190.230.124.237,424242,9609,CO,approved
txn_00050,2026-02-06T13:48:21,user5049@hotmail.com,annual,Solaris Annual,990.0,MXN,MX,189.144.107.175,999002,9254,MX,declined_fraud
txn_00645,2026-02-06T15:26:57,acct645@yahoo.com,monthly,Solaris Monthly,4.99,BRL,BR,187.204.185.112,541500,3354,BR,approved
txn_00303,2026-02-06T19:25:29,member303@protonmail.com,monthly,Solaris Monthly,99.0,MXN,MX,189.127.62.233,424242,2871,MX,approved
txn_00165,2026-02-06T19:59:24,customer8165@outlook.com,annual,Solaris Annual,990.0,MXN,MX,5.188.226.142,438600,7955,MX,declined_fraud
txn_00232,2026-02-06T20:13:10,customer232@yahoo.com,monthly,Solaris Monthly,4.99,BRL,BR,187.10.117.112,601100,2923,BR,approved
txn_00103,2026-02-06T21:36:37,member6103@outlook.com,monthly,Solaris Monthly,4.99,BRL,BR,187.242.208.97,411111,1932,BR,declined_fraud
txn_00104,2026-02-06T21:56:37,member6103@outlook.com,monthly,Solaris Monthly,4.99,BRL,BR,187.242.208.97,411111,1932,BR,declined_fraud
txn_00310,2026-02-06T21:59:56,acct310@yahoo.com,monthly,Solaris Monthly,4.99,BRL,BR,187.172.52.47,424242,7600,BR,approved
txn_00105,2026-02-06T22:16:37,member6103@outlook.com,monthly,Solaris Monthly,4.99,BRL,BR,187.242.208.97,411111,1932,BR,declined_insufficient_funds
txn_00106,2026-02-06T22:36:37,member6103@outlook.com,monthly,Solaris Monthly,4.99,BRL,BR,187.242.208.97,411111,1932,BR,declined_insufficient_funds
txn_00107,2026-02-06T23:06:37,member6103@outlook.com,monthly,Solaris Monthly,4.99,BRL,BR,187.242.208.97,411111,1932,BR,approved
txn_00071,2026-02-06T23:08:35,user5064@protonmail.com,monthly,Solaris Monthly,99.0,MXN,MX,189.97.130.22,999004,1861,MX,declined_fraud
txn_00149,2026-02-07T00:29:36,user8149@outlook.com,monthly,Solaris Monthly,19900.0,COP,CO,5.188.89.240,601100,9452,CO,approved
txn_00570,2026-02-07T01:05:04,acct570@yahoo.com,monthly,Solaris Monthly,19900.0,COP,CO,190.174.94.26,650000,6163,CO,approved
txn_00524,2026-02-07T01:46:19,cliente524@outlook.com,monthly,Solaris Monthly,4.99,BRL,BR,187.117.16.161,438600,7945,BR,approved
txn_00400,2026-02-07T04:00:33,user400@protonmail.com,monthly,Solaris Monthly,99.0,MXN,MX,189.199.214.112,451200,2676,MX,approved
txn_00240,2026-02-07T05:39:31,sub240@outlook.com,monthly,Solaris Monthly,99.0,MXN,MX,189.86.43.145,650000,7266,MX,declined_insufficient_funds
txn_00486,2026-02-07T06:27:17,acct486@yahoo.com,annual,Solaris Annual,49.99,BRL,BR,187.204.191.224,650000,2275,BR,approved
txn_00280,2026-02-07T10:36:13,member280@protonmail.com,annual,Solaris Annual,49.99,BRL,BR,187.91.54.152,411111,7483,BR,approved
txn_00081,2026-02-07T10:58:25,user7081@outlook.com,monthly,Solaris Monthly,4.99,BRL,BR,187.142.248.109,531313,3116,BR,approved
txn_00419,2026-02-07T11:01:39,sub419@outlook.com,monthly,Solaris Monthly,4.99,BRL,BR,187.52.44.216,411111,2897,BR,approved
txn_00352,2026-02-07T13:54:43,sub352@gmail.com,monthly,Solaris Monthly,4.99,BRL,BR,187.249.79.97,451200,7471,BR,approved
txn_00300,2026-02-07T15:19:38,cliente300@hotmail.com,annual,Solaris Annual,49.99,BRL,BR,187.64.65.243,411111,8939,BR,approved
txn_00082,2026-02-07T15:58:25,user7081@outlook.com,annual,Solaris Annual,49.99,BRL,BR,187.142.248.109,531313,3116,BR,approved
txn_00461,2026-02-07T17:34:40,sub461@gmail.com,monthly,Solaris Monthly,19900.0,COP,CO,190.230.124.237,411111,6258,CO,approved
txn_00466,2026-02-07T20:05:26,member466@outlook.com,monthly,Solaris Monthly,99.0,MXN,MX,189.163.41.70,424242,4729,MX,approved
txn_00484,2026-02-07T20:09:40,acct484@yahoo.com,monthly,Solaris Monthly,4.99,BRL,BR,187.204.185.112,411111,4387,BR,approved
txn_00294,2026-02-07T21:01:35,acct294@outlook.com,monthly,Solaris Monthly,4.99,BRL,BR,187.35.34.120,541500,8365,BR,approved
txn_00441,2026-02-08T01:45:27,cliente441@gmail.com,monthly,Solaris Monthly,99.0,MXN,MX,189.144.107.175,601100,4209,MX,declined_fraud
txn_00241,2026-02-08T01:56:47,cliente241@protonmail.com,monthly,Solaris Monthly,19900.0,COP,CO,190.131.188.85,650000,2943,CO,approved
txn_00580,2026-02-08T03:25:08,sub580@yahoo.com,monthly,Solaris Monthly,4.99,BRL,BR,187.242.208.97,424242,4638,BR,approved
txn_00381,2026-02-08T03:58:49,member381@gmail.com,annual,Solaris Annual,199000.0,COP,CO,190.58.115.76,541500,8803,CO,approved
txn_00237,2026-02-08T05:18:49,customer237@gmail.com,monthly,Solaris Monthly,4.99,BRL,BR,187.81.216.174,438600,6049,BR,approved
txn_00394,2026-02-08T06:28:16,sub394@protonmail.com,monthly,Solaris Monthly,4.99,BRL,BR,187.108.161.108,601100,7035,BR,approved
txn_00083,2026-02-08T06:37:17,cliente7083@protonmail.com,monthly,Solaris Monthly,19900.0,COP,CO,190.232.36.119,650000,2180,CO,approved
txn_00501,2026-02-08T07:04:03,acct501@yahoo.com,annual,Solaris Annual,49.99,BRL,BR,187.85.208.248,451200,6990,BR,approved
txn_00311,2026-02-08T07:22:21,user311@protonmail.com,monthly,Solaris Monthly,99.0,MXN,MX,189.68.135.59,438600,6869,MX,approved
txn_00520,2026-02-08T07:33:47,acct520@yahoo.com,monthly,Solaris Monthly,19900.0,COP,CO,190.132.174.143,438600,3996,CO,approved
txn_00084,2026-02-08T07:37:17,cliente7083@protonmail.com,annual,Solaris Annual,199000.0,COP,CO,190.232.36.119,650000,2180,CO,approved
txn_00229,2026-02-08T11:00:16,member229@gmail.com,monthly,Solaris Monthly,4.99,BRL,BR,187.10.117.112,451200,9442,BR,approved
txn_00326,2026-02-08T12:41:13,sub326@outlook.com,monthly,Solaris Monthly,4.99,BRL,BR,187.115.32.173,601100,9209,BR,approved
txn_00387,2026-02-08T13:29:55,cliente387@yahoo.com,monthly,Solaris Monthly,99.0,MXN,MX,189.78.109.32,438600,1613,MX,approved
txn_00392,2026-02-08T13:58:39,customer392@protonmail.com,monthly,Solaris Monthly,99.0,MXN,MX,189.38.76.18,424242,6097,MX,declined_fraud
txn_00412,2026-02-08T13:59:14,customer412@outlook.com,monthly,Solaris Monthly,99.0,MXN,MX,189.68.135.59,531313,8105,MX,approved
txn_00348,2026-02-08T15:09:03,cliente348@gmail.com,annual,Solaris Annual,49.99,BRL,BR,187.229.142.3,601100,5262,BR,approved
txn_00509,2026-02-08T16:23:04,customer509@outlook.com,monthly,Solaris Monthly,4.99,BRL,BR,187.136.174.57,451200,6785,BR,approved
txn_00647,2026-02-08T16:39:30,acct647@gmail.com,annual,Solaris Annual,199000.0,COP,CO,190.141.5.97,650000,3087,CO,declined_fraud
txn_00409,2026-02-08T20:44:34,cliente409@yahoo.com,annual,Solaris Annual,49.99,BRL,BR,187.229.142.3,531313,3250,BR,declined_fraud
txn_00063,2026-02-08T22:37:36,customer5057@protonmail.com,monthly,Solaris Monthly,19900.0,COP,CO,190.52.6.145,999003,5712,CO,declined_fraud
txn_00436,2026-02-09T00:24:33,user436@outlook.com,monthly,Solaris Monthly,4.99,BRL,BR,187.116.148.40,438600,1291,BR,approved
txn_00151,2026-02-09T03:23:23,member8151@gmail.com,monthly,Solaris Monthly,4.99,BRL,BR,5.188.14.122,438600,7126,BR,approved
txn_00157,2026-02-09T05:20:11,cliente8157@protonmail.com,monthly,Solaris Monthly,99.0,MXN,MX,5.188.165.128,650000,2402,MX,approved
txn_00380,2026-02-09T07:44:30,sub380@protonmail.com,annual,Solaris Annual,49.99,BRL,BR,187.31.160.29,541500,1999,BR,approved
txn_00369,2026-02-09T08:55:53,sub369@outlook.com,annual,Solaris Annual,49.99,BRL,BR,187.40.150.185,411111,1788,BR,declined_fraud
txn_00155,2026-02-09T09:07:55,user8155@hotmail.com,annual,Solaris Annual,49.99,BRL,BR,5.188.209.170,424242,9189,BR,approved
txn_00049,2026-02-09T10:27:16,user5049@hotmail.com,annual,Solaris Annual,990.0,MXN,MX,189.125.189.145,999002,8344,MX,declined_fraud
txn_00543,2026-02-09T11:56:40,member543@gmail.com,monthly,Solaris Monthly,99.0,MXN,MX,189.207.0.155,451200,4614,MX,approved
txn_00242,2026-02-09T14:08:41,sub242@protonmail.com,monthly,Solaris Monthly,4.99,BRL,BR,187.57.12.140,411111,5888,BR,declined_fraud
txn_00604,2026-02-09T18:08:18,sub604@hotmail.com,monthly,Solaris Monthly,19900.0,COP,CO,190.174.94.26,438600,6323,CO,approved
txn_00497,2026-02-09T19:46:12,user497@protonmail.com,monthly,Solaris Monthly,19900.0,COP,CO,190.240.245.225,451200,7068,CO,declined_fraud
txn_00275,2026-02-09T22:07:39,user275@hotmail.com,monthly,Solaris Monthly,4.99,BRL,BR,187.128.5.58,424242,3170,BR,approved
txn_00464,2026-02-10T03:05:19,cliente464@protonmail.com,monthly,Solaris Monthly,99.0,MXN,MX,189.211.12.91,451200,2702,MX,declined_insufficient_funds
txn_00164,2026-02-10T05:05:06,user8164@yahoo.com,annual,Solaris Annual,199000.0,COP,CO,5.188.164.53,601100,7334,CO,approved
txn_00542,2026-02-10T05:15:56,sub542@protonmail.com,monthly,Solaris Monthly,99.0,MXN,MX,189.20.41.214,650000,4089,MX,approved
txn_00536,2026-02-10T12:19:09,cliente536@yahoo.com,monthly,Solaris Monthly,4.99,BRL,BR,187.231.61.126,601100,4757,BR,approved
txn_00460,2026-02-10T15:14:23,customer460@yahoo.com,monthly,Solaris Monthly,99.0,MXN,MX,189.163.41.70,411111,2879,MX,approved
txn_00503,2026-02-10T16:19:14,customer503@hotmail.com,annual,Solaris Annual,49.99,BRL,BR,187.115.32.173,531313,2951,BR,declined_insufficient_funds
txn_00150,2026-02-10T19:29:41,cliente8150@yahoo.com,monthly,Solaris Monthly,4.99,BRL,BR,5.188.209.170,424242,2502,BR,declined_fraud
txn_00345,2026-02-10T19:46:59,user345@hotmail.com,monthly,Solaris Monthly,99.0,MXN,MX,189.212.208.169,424242,3546,MX,approved
txn_00170,2026-02-10T20:11:52,acct8170@hotmail.com,annual,Solaris Annual,990.0,MXN,MX,5.188.210.253,411111,2259,MX,approved
txn_00180,2026-02-10T20:15:29,member4180@gmail.com,annual,Solaris Annual,990.0,MXN,MX,185.220.101.47,999001,8632,MX,chargeback
txn_00610,2026-02-10T21:19:12,sub610@yahoo.com,monthly,Solaris Monthly,19900.0,COP,CO,190.240.149.16,531313,7440,CO,approved
txn_00058,2026-02-11T00:21:52,customer5057@protonmail.com,annual,Solaris Annual,199000.0,COP,CO,190.179.114.35,999003,7992,CO,declined_fraud
txn_00616,2026-02-11T00:38:37,acct616@outlook.com,monthly,Solaris Monthly,4.99,BRL,BR,187.97.229.71,541500,4553,BR,approved
txn_00042,2026-02-11T01:47:02,sub5039@yahoo.com,monthly,Solaris Monthly,19900.0,COP,CO,190.78.222.90,999001,1828,CO,approved
txn_00437,2026-02-11T03:31:14,acct437@hotmail.com,annual,Solaris Annual,199000.0,COP,CO,190.239.155.206,601100,9328,CO,approved
txn_00337,2026-02-11T04:08:52,user337@protonmail.com,monthly,Solaris Monthly,4.99,BRL,BR,187.150.222.80,601100,6362,BR,approved
txn_00513,2026-02-11T06:35:49,cliente513@yahoo.com,monthly,Solaris Monthly,99.0,MXN,MX,189.75.12.23,451200,8923,MX,declined_fraud
txn_00399,2026-02-11T06:46:17,sub399@yahoo.com,monthly,Solaris Monthly,99.0,MXN,MX,189.222.176.160,601100,7943,MX,approved
txn_00003,2026-02-11T09:55:32,member9003@outlook.com,monthly,Solaris Monthly,4.99,BRL,BR,185.220.101.34,531313,2143,BR,declined_fraud
txn_00004,2026-02-11T10:20:32,member9004@yahoo.com,monthly,Solaris Monthly,4.99,BRL,BR,185.220.101.34,601100,1042,BR,declined_insufficient_funds
txn_00002,2026-02-11T10:30:32,sub9002@protonmail.com,monthly,Solaris Monthly,4.99,BRL,BR,185.220.101.34,438600,4993,BR,declined_insufficient_funds
txn_00001,2026-02-11T10:59:32,acct9001@yahoo.com,monthly,Solaris Monthly,4.99,BRL,BR,185.220.101.34,438600,5781,BR,declined_insufficient_funds
txn_00005,2026-02-11T11:24:32,sub9005@protonmail.com,monthly,Solaris Monthly,4.99,BRL,BR,185.220.101.34,438600,3434,BR,declined_fraud
txn_00407,2026-02-11T12:19:13,acct407@yahoo.com,annual,Solaris Annual,49.99,BRL,BR,187.185.157.122,650000,5269,BR,approved
txn_00097,2026-02-11T12:32:40,acct7097@hotmail.com,monthly,Solaris Monthly,4.99,BRL,BR,187.172.52.47,531313,9095,BR,approved
txn_00456,2026-02-11T15:18:55,user456@yahoo.com,annual,Solaris Annual,990.0,MXN,MX,189.216.141.22,531313,5178,MX,approved
txn_00537,2026-02-11T16:19:11,member537@outlook.com,annual,Solaris Annual,199000.0,COP,CO,190.84.239.65,411111,6846,CO,approved
txn_00098,2026-02-11T17:32:40,acct7097@hotmail.com,annual,Solaris Annual,49.99,BRL,BR,187.172.52.47,531313,9095,BR,approved
txn_00641,2026-02-11T20:26:48,cliente641@gmail.com,annual,Solaris Annual,49.99,BRL,BR,187.29.123.40,438600,1831,BR,approved
txn_00233,2026-02-11T20:33:16,sub233@protonmail.com,annual,Solaris Annual,49.99,BRL,BR,187.107.136.36,438600,7121,BR,declined_fraud
txn_00646,2026-02-12T01:48:16,user646@gmail.com,monthly,Solaris Monthly,99.0,MXN,MX,189.97.130.22,438600,8987,MX,approved
txn_00267,2026-02-12T01:59:52,cliente267@protonmail.com,monthly,Solaris Monthly,4.99,BRL,BR,187.7.47.121,411111,4764,BR,declined_insufficient_funds
txn_00223,2026-02-12T04:16:04,customer223@outlook.com,monthly,Solaris Monthly,99.0,MXN,MX,189.20.41.214,531313,7666,MX,approved
txn_00220,2026-02-12T06:10:04,sub220@yahoo.com,monthly,Solaris Monthly,4.99,BRL,BR,187.150.222.80,424242,6674,BR,declined_fraud
txn_00285,2026-02-12T06:20:56,sub285@protonmail.com,monthly,Solaris Monthly,99.0,MXN,MX,189.171.47.120,451200,2211,MX,approved
txn_00370,2026-02-12T06:38:43,sub370@gmail.com,annual,Solaris Annual,49.99,BRL,BR,187.204.191.224,650000,9946,BR,approved
txn_00477,2026-02-12T07:11:12,customer477@yahoo.com,monthly,Solaris Monthly,99.0,MXN,MX,189.35.142.179,650000,3200,MX,approved
txn_00448,2026-02-12T07:40:17,member448@protonmail.com,monthly,Solaris Monthly,4.99,BRL,BR,187.112.166.28,650000,2890,BR,declined_insufficient_funds
txn_00628,2026-02-12T08:58:58,user628@hotmail.com,monthly,Solaris Monthly,4.99,BRL,BR,187.29.123.40,438600,8774,BR,approved
txn_00489,2026-02-12T09:00:27,customer489@gmail.com,monthly,Solaris Monthly,4.99,BRL,BR,187.204.185.112,451200,6410,BR,approved
txn_00432,2026-02-12T09:29:19,customer432@hotmail.com,monthly,Solaris Monthly,19900.0,COP,CO,190.41.80.122,424242,8091,CO,approved
txn_00502,2026-02-12T11:37:17,acct502@protonmail.com,monthly,Solaris Monthly,99.0,MXN,MX,189.54.217.112,531313,7065,MX,approved
txn_00563,2026-02-12T13:29:50,cliente563@gmail.com,monthly,Solaris Monthly,4.99,BRL,BR,187.119.51.194,531313,1512,BR,approved
txn_00462,2026-02-12T15:10:06,acct462@outlook.com,monthly,Solaris Monthly,4.99,BRL,BR,187.226.50.25,650000,9426,BR,declined_fraud
txn_00210,2026-02-12T18:42:45,acct210@protonmail.com,annual,Solaris Annual,199000.0,COP,CO,190.30.84.157,650000,9311,CO,approved
txn_00602,2026-02-12T20:34:32,cliente602@outlook.com,monthly,Solaris Monthly,4.99,BRL,BR,187.29.41.95,438600,7126,BR,approved
txn_00389,2026-02-12T20:46:40,member389@yahoo.com,annual,Solaris Annual,199000.0,COP,CO,190.199.172.207,650000,5965,CO,approved
txn_00440,2026-02-12T21:42:48,user440@hotmail.com,monthly,Solaris Monthly,4.99,BRL,BR,187.226.50.25,650000,2741,BR,approved
txn_00338,2026-02-12T22:48:24,member338@protonmail.com,annual,Solaris Annual,990.0,MXN,MX,189.135.19.55,541500,8600,MX,approved
txn_00547,2026-02-12T23:03:42,cliente547@gmail.com,monthly,Solaris Monthly,4.99,BRL,BR,187.125.114.71,541500,2477,BR,approved
txn_00177,2026-02-12T23:34:38,cliente4177@hotmail.com,annual,Solaris Annual,49.99,BRL,BR,185.220.101.47,999001,1430,BR,chargeback
txn_00225,2026-02-13T01:09:50,user225@outlook.com,monthly,Solaris Monthly,19900.0,COP,CO,190.154.61.21,451200,3880,CO,approved
txn_00279,2026-02-13T01:39:06,member279@hotmail.com,monthly,Solaris Monthly,4.99,BRL,BR,187.31.206.173,424242,6916,BR,approved
txn_00623,2026-02-13T02:20:39,acct623@protonmail.com,monthly,Solaris Monthly,4.99,BRL,BR,187.249.79.97,650000,3125,BR,approved
txn_00615,2026-02-13T03:46:41,user615@outlook.com,annual,Solaris Annual,49.99,BRL,BR,187.108.161.108,411111,5146,BR,approved
txn_00421,2026-02-13T03:54:28,user421@gmail.com,monthly,Solaris Monthly,4.99,BRL,BR,187.40.150.185,424242,5631,BR,approved
txn_00172,2026-02-13T05:25:42,customer4172@hotmail.com,annual,Solaris Annual,49.99,BRL,BR,185.220.101.34,999001,9482,BR,chargeback
txn_00526,2026-02-13T06:04:25,cliente526@outlook.com,monthly,Solaris Monthly,4.99,BRL,BR,187.107.136.36,438600,1159,BR,declined_fraud
txn_00634,2026-02-13T06:36:19,user634@outlook.com,monthly,Solaris Monthly,4.99,BRL,BR,187.176.135.22,438600,9290,BR,approved
txn_00581,2026-02-13T08:39:58,user581@outlook.com,monthly,Solaris Monthly,4.99,BRL,BR,187.229.142.3,451200,5301,BR,approved
txn_00487,2026-02-13T08:40:56,acct487@gmail.com,annual,Solaris Annual,49.99,BRL,BR,187.43.248.35,438600,8898,BR,approved
txn_00185,2026-02-13T09:32:24,acct4185@gmail.com,annual,Solaris Annual,199000.0,COP,CO,190.199.172.207,999002,3762,CO,chargeback
txn_00569,2026-02-13T12:00:34,acct569@outlook.com,monthly,Solaris Monthly,99.0,MXN,MX,189.144.107.175,531313,3955,MX,approved
txn_00433,2026-02-13T13:01:44,customer433@hotmail.com,annual,Solaris Annual,49.99,BRL,BR,187.1.199.135,411111,1190,BR,declined_fraud
txn_00261,2026-02-13T13:13:17,user261@hotmail.com,monthly,Solaris Monthly,19900.0,COP,CO,190.223.137.165,424242,3474,CO,approved
txn_00158,2026-02-13T15:04:46,acct8158@protonmail.com,monthly,Solaris Monthly,19900.0,COP,CO,5.188.82.168,424242,8702,CO,approved
txn_00064,2026-02-13T15:10:42,user5064@protonmail.com,monthly,Solaris Monthly,99.0,MXN,MX,189.54.217.112,999004,2773,MX,approved
txn_00093,2026-02-13T18:08:13,member7093@hotmail.com,monthly,Solaris Monthly,4.99,BRL,BR,187.172.52.47,424242,9693,BR,approved
txn_00530,2026-02-13T18:42:39,member530@yahoo.com,monthly,Solaris Monthly,99.0,MXN,MX,189.78.109.32,531313,5663,MX,approved
txn_00612,2026-02-13T20:08:04,acct612@outlook.com,monthly,Solaris Monthly,4.99,BRL,BR,187.242.208.97,650000,2397,BR,approved
txn_00094,2026-02-13T20:08:13,member7093@hotmail.com,annual,Solaris Annual,49.99,BRL,BR,187.172.52.47,424242,9693,BR,approved
txn_00397,2026-02-13T22:00:57,member397@outlook.com,monthly,Solaris Monthly,19900.0,COP,CO,190.138.247.238,541500,4387,CO,declined_fraud
txn_00482,2026-02-13T23:00:45,acct482@hotmail.com,monthly,Solaris Monthly,4.99,BRL,BR,187.84.135.216,411111,4913,BR,approved
txn_00635,2026-02-14T01:21:15,cliente635@gmail.com,monthly,Solaris Monthly,4.99,BRL,BR,187.7.47.121,601100,6363,BR,approved
txn_00391,2026-02-14T01:46:03,sub391@outlook.com,annual,Solaris Annual,990.0,MXN,MX,189.107.127.52,438600,4463,MX,declined_fraud
txn_00507,2026-02-14T03:41:32,user507@hotmail.com,monthly,Solaris Monthly,19900.0,COP,CO,190.154.61.21,438600,8192,CO,approved
txn_00420,2026-02-14T06:12:15,sub420@gmail.com,monthly,Solaris Monthly,99.0,MXN,MX,189.121.83.90,411111,5933,MX,approved
txn_00637,2026-02-14T06:31:01,user637@gmail.com,annual,Solaris Annual,990.0,MXN,MX,189.68.135.59,650000,8649,MX,approved
txn_00629,2026-02-14T07:05:39,customer629@gmail.com,monthly,Solaris Monthly,19900.0,COP,CO,190.188.242.176,438600,7782,CO,approved
txn_00540,2026-02-14T09:42:27,user540@gmail.com,annual,Solaris Annual,49.99,BRL,BR,187.197.195.239,531313,5973,BR,declined_fraud
txn_00331,2026-02-14T10:20:03,sub331@yahoo.com,monthly,Solaris Monthly,19900.0,COP,CO,190.122.64.242,411111,6488,CO,approved
txn_00561,2026-02-14T10:35:07,sub561@hotmail.com,monthly,Solaris Monthly,99.0,MXN,MX,189.97.130.22,424242,9830,MX,approved
txn_00179,2026-02-14T12:28:47,customer4179@outlook.com,annual,Solaris Annual,49.99,BRL,BR,187.125.114.71,999002,7730,BR,chargeback
txn_00148,2026-02-14T14:32:06,sub8148@protonmail.com,annual,Solaris Annual,990.0,MXN,MX,5.188.147.224,601100,4271,MX,declined_insufficient_funds
txn_00592,2026-02-14T16:48:48,user592@hotmail.com,monthly,Solaris Monthly,4.99,BRL,BR,187.108.161.108,438600,1352,BR,approved
txn_00413,2026-02-14T18:41:57,user413@yahoo.com,monthly,Solaris Monthly,4.99,BRL,BR,187.85.208.248,541500,7112,BR,approved
txn_00567,2026-02-14T19:25:48,customer567@hotmail.com,monthly,Solaris Monthly,4.99,BRL,BR,187.226.50.25,424242,2658,BR,approved
txn_00262,2026-02-14T20:04:20,user262@gmail.com,monthly,Solaris Monthly,99.0,MXN,MX,189.3.180.152,438600,8993,MX,approved
txn_00598,2026-02-14T20:56:42,user598@protonmail.com,annual,Solaris Annual,990.0,MXN,MX,189.77.118.196,531313,6201,MX,approved
txn_00463,2026-02-14T21:13:47,cliente463@protonmail.com,monthly,Solaris Monthly,4.99,BRL,BR,187.236.127.38,424242,2572,BR,approved
txn_00469,2026-02-14T21:32:05,sub469@hotmail.com,monthly,Solaris Monthly,19900.0,COP,CO,190.247.141.144,451200,1504,CO,approved
txn_00404,2026-02-14T22:53:42,customer404@hotmail.com,monthly,Solaris Monthly,4.99,BRL,BR,187.111.119.13,541500,6622,BR,approved
txn_00036,2026-02-15T01:13:07,user9036@hotmail.com,monthly,Solaris Monthly,4.99,BRL,BR,185.220.101.200,438600,2902,BR,declined_fraud
txn_00033,2026-02-15T01:22:07,acct9033@protonmail.com,monthly,Solaris Monthly,4.99,BRL,BR,185.220.101.200,438600,1410,BR,declined_fraud
txn_00034,2026-02-15T01:50:07,customer9034@outlook.com,monthly,Solaris Monthly,4.99,BRL,BR,185.220.101.200,541500,2035,BR,declined_insufficient_funds
txn_00038,2026-02-15T02:02:07,customer9038@gmail.com,monthly,Solaris Monthly,4.99,BRL,BR,185.220.101.200,531313,7797,BR,declined_fraud
txn_00032,2026-02-15T02:07:07,customer9032@yahoo.com,monthly,Solaris Monthly,4.99,BRL,BR,185.220.101.200,601100,7242,BR,declined_fraud
txn_00037,2026-02-15T02:17:07,customer9037@protonmail.com,monthly,Solaris Monthly,4.99,BRL,BR,185.220.101.200,438600,7078,BR,approved
txn_00035,2026-02-15T02:38:07,cliente9035@gmail.com,monthly,Solaris Monthly,4.99,BRL,BR,185.220.101.200,451200,2911,BR,declined_fraud
txn_00374,2026-02-15T05:17:30,customer374@protonmail.com,monthly,Solaris Monthly,4.99,BRL,BR,187.255.202.234,541500,7705,BR,approved
txn_00238,2026-02-15T06:30:04,member238@gmail.com,annual,Solaris Annual,49.99,BRL,BR,187.172.52.47,411111,7941,BR,declined_insufficient_funds
txn_00372,2026-02-15T13:21:18,cliente372@gmail.com,annual,Solaris Annual,49.99,BRL,BR,187.29.123.40,531313,7151,BR,chargeback
txn_00154,2026-02-15T15:24:11,cliente8154@hotmail.com,annual,Solaris Annual,49.99,BRL,BR,5.188.165.128,601100,5720,BR,approved
txn_00457,2026-02-15T16:58:59,sub457@protonmail.com,monthly,Solaris Monthly,4.99,BRL,BR,187.250.9.57,411111,5934,BR,declined_fraud
txn_00571,2026-02-15T17:04:28,cliente571@outlook.com,annual,Solaris Annual,199000.0,COP,CO,190.207.124.156,541500,9939,CO,approved
txn_00384,2026-02-15T19:11:23,acct384@outlook.com,monthly,Solaris Monthly,19900.0,COP,CO,190.108.232.167,424242,7358,CO,approved
txn_00044,2026-02-15T21:41:55,sub5039@yahoo.com,monthly,Solaris Monthly,19900.0,COP,CO,190.78.222.90,999001,6383,CO,approved
txn_00288,2026-02-16T02:06:34,customer288@protonmail.com,monthly,Solaris Monthly,4.99,BRL,BR,187.197.195.239,541500,9366,BR,approved
txn_00217,2026-02-16T02:13:05,cliente217@yahoo.com,monthly,Solaris Monthly,99.0,MXN,MX,189.114.12.98,438600,4150,MX,declined_insufficient_funds
txn_00556,2026-02-16T02:31:31,cliente556@yahoo.com,annual,Solaris Annual,990.0,MXN,MX,189.144.107.175,531313,8992,MX,approved
txn_00527,2026-02-16T06:56:19,member527@yahoo.com,annual,Solaris Annual,990.0,MXN,MX,189.248.122.140,650000,8972,MX,approved
txn_00250,2026-02-16T07:13:37,sub250@gmail.com,monthly,Solaris Monthly,4.99,BRL,BR,187.126.134.219,601100,3365,BR,approved
txn_00431,2026-02-16T10:17:13,customer431@protonmail.com,monthly,Solaris Monthly,4.99,BRL,BR,187.82.0.165,411111,9598,BR,declined_insufficient_funds
txn_00324,2026-02-16T14:12:40,cliente324@outlook.com,monthly,Solaris Monthly,4.99,BRL,BR,187.125.114.71,650000,6185,BR,approved
txn_00429,2026-02-16T14:52:01,acct429@outlook.com,monthly,Solaris Monthly,19900.0,COP,CO,190.192.203.101,424242,7816,CO,approved
txn_00575,2026-02-16T16:39:56,member575@gmail.com,monthly,Solaris Monthly,19900.0,COP,CO,190.230.124.237,541500,5198,CO,declined_insufficient_funds
txn_00435,2026-02-16T19:38:02,sub435@outlook.com,monthly,Solaris Monthly,99.0,MXN,MX,189.164.238.226,541500,2291,MX,declined_fraud
txn_00085,2026-02-16T20:03:32,user7085@outlook.com,monthly,Solaris Monthly,99.0,MXN,MX,189.80.224.154,650000,8033,MX,approved
txn_00490,2026-02-16T20:09:36,user490@hotmail.com,monthly,Solaris Monthly,99.0,MXN,MX,189.226.109.242,411111,4992,MX,approved
txn_00066,2026-02-16T20:52:29,user5064@protonmail.com,monthly,Solaris Monthly,99.0,MXN,MX,189.171.47.120,999004,5381,MX,approved
txn_00650,2026-02-16T20:58:40,customer650@gmail.com,annual,Solaris Annual,990.0,MXN,MX,189.186.220.35,541500,3835,MX,approved
txn_00298,2026-02-16T21:41:51,acct298@hotmail.com,monthly,Solaris Monthly,4.99,BRL,BR,187.83.189.181,451200,7852,BR,approved
txn_00156,2026-02-16T21:58:43,customer8156@protonmail.com,monthly,Solaris Monthly,19900.0,COP,CO,5.188.59.206,411111,5772,CO,approved
txn_00583,2026-02-16T23:06:35,sub583@yahoo.com,monthly,Solaris Monthly,99.0,MXN,MX,189.113.102.235,424242,5362,MX,approved
txn_00411,2026-02-16T23:24:48,cliente411@hotmail.com,annual,Solaris Annual,990.0,MXN,MX,189.20.41.214,438600,5481,MX,approved
txn_00568,2026-02-16T23:44:43,customer568@gmail.com,monthly,Solaris Monthly,99.0,MXN,MX,189.77.118.196,531313,7802,MX,approved
txn_00086,2026-02-17T00:03:32,user7085@outlook.com,annual,Solaris Annual,990.0,MXN,MX,189.80.224.154,650000,8033,MX,approved
txn_00309,2026-02-17T00:44:58,sub309@hotmail.com,monthly,Solaris Monthly,4.99,BRL,BR,187.250.9.57,541500,7434,BR,approved
txn_00212,2026-02-17T00:59:34,customer212@protonmail.com,monthly,Solaris Monthly,99.0,MXN,MX,189.202.67.153,438600,5350,MX,approved
txn_00312,2026-02-17T01:20:29,member312@protonmail.com,monthly,Solaris Monthly,4.99,BRL,BR,187.128.5.58,650000,5646,BR,declined_fraud
txn_00257,2026-02-17T02:45:01,acct257@protonmail.com,annual,Solaris Annual,49.99,BRL,BR,187.83.189.181,411111,5272,BR,approved
txn_00342,2026-02-17T04:38:48,customer342@gmail.com,monthly,Solaris Monthly,19900.0,COP,CO,190.140.23.27,650000,8511,CO,approved
txn_00350,2026-02-17T06:27:23,customer350@gmail.com,monthly,Solaris Monthly,4.99,BRL,BR,187.108.161.108,451200,7098,BR,declined_insufficient_funds
txn_00124,2026-02-17T06:56:26,customer6124@protonmail.com,monthly,Solaris Monthly,19900.0,COP,CO,190.55.13.159,650000,2335,CO,declined_fraud
txn_00510,2026-02-17T07:09:55,customer510@protonmail.com,monthly,Solaris Monthly,99.0,MXN,MX,189.125.189.145,424242,5661,MX,declined_insufficient_funds
txn_00125,2026-02-17T07:16:26,customer6124@protonmail.com,monthly,Solaris Monthly,19900.0,COP,CO,190.55.13.159,650000,2335,CO,declined_insufficient_funds
txn_00126,2026-02-17T07:36:26,customer6124@protonmail.com,monthly,Solaris Monthly,19900.0,COP,CO,190.55.13.159,650000,2335,CO,declined_insufficient_funds
txn_00127,2026-02-17T07:56:26,customer6124@protonmail.com,monthly,Solaris Monthly,19900.0,COP,CO,190.55.13.159,650000,2335,CO,declined_insufficient_funds
txn_00128,2026-02-17T08:16:26,customer6124@protonmail.com,monthly,Solaris Monthly,19900.0,COP,CO,190.55.13.159,650000,2335,CO,declined_fraud
txn_00357,2026-02-17T08:23:47,acct357@yahoo.com,annual,Solaris Annual,199000.0,COP,CO,190.132.174.143,411111,8728,CO,chargeback
txn_00129,2026-02-17T08:46:26,customer6124@protonmail.com,monthly,Solaris Monthly,19900.0,COP,CO,190.55.13.159,650000,2335,CO,approved
txn_00055,2026-02-17T09:59:57,user5049@hotmail.com,annual,Solaris Annual,990.0,MXN,MX,189.97.130.22,999002,9692,MX,declined_fraud
txn_00363,2026-02-17T10:45:32,member363@outlook.com,monthly,Solaris Monthly,99.0,MXN,MX,189.132.126.141,650000,2188,MX,approved
txn_00062,2026-02-17T11:16:52,customer5057@protonmail.com,annual,Solaris Annual,199000.0,COP,CO,190.232.36.119,999003,3002,CO,declined_insufficient_funds
txn_00221,2026-02-17T11:42:25,user221@protonmail.com,monthly,Solaris Monthly,4.99,BRL,BR,187.1.199.135,601100,3249,BR,approved
txn_00395,2026-02-17T11:45:54,cliente395@outlook.com,monthly,Solaris Monthly,4.99,BRL,BR,187.108.102.159,438600,8308,BR,approved
txn_00533,2026-02-17T11:48:39,sub533@yahoo.com,monthly,Solaris Monthly,4.99,BRL,BR,187.128.5.58,451200,5444,BR,approved
txn_00296,2026-02-17T11:54:36,acct296@outlook.com,monthly,Solaris Monthly,99.0,MXN,MX,189.90.237.25,650000,7367,MX,approved
txn_00305,2026-02-17T12:58:51,cliente305@hotmail.com,monthly,Solaris Monthly,4.99,BRL,BR,187.176.135.22,438600,2923,BR,declined_fraud
txn_00417,2026-02-17T15:02:31,cliente417@gmail.com,monthly,Solaris Monthly,4.99,BRL,BR,187.204.185.112,541500,3149,BR,approved
txn_00648,2026-02-17T16:01:27,sub648@outlook.com,monthly,Solaris Monthly,4.99,BRL,BR,187.172.52.47,601100,9728,BR,approved
txn_00649,2026-02-17T16:31:48,member649@hotmail.com,monthly,Solaris Monthly,99.0,MXN,MX,189.54.217.112,451200,2082,MX,chargeback
txn_00187,2026-02-17T17:44:24,customer3187@hotmail.com,monthly,Solaris Monthly,4.99,BRL,BR,185.220.101.88,999003,5336,BR,approved
txn_00642,2026-02-17T18:36:39,cliente642@protonmail.com,monthly,Solaris Monthly,4.99,BRL,BR,187.176.135.22,451200,7421,BR,approved
txn_00191,2026-02-17T18:50:24,sub3191@hotmail.com,monthly,Solaris Monthly,4.99,BRL,BR,185.220.101.88,999003,8933,BR,declined_fraud
txn_00186,2026-02-17T18:57:24,acct3186@gmail.com,monthly,Solaris Monthly,4.99,BRL,BR,185.220.101.88,999003,6531,BR,declined_fraud
txn_00075,2026-02-17T19:03:05,user7075@yahoo.com,monthly,Solaris Monthly,19900.0,COP,CO,190.240.245.225,424242,5640,CO,approved
txn_00605,2026-02-17T19:50:02,acct605@protonmail.com,monthly,Solaris Monthly,99.0,MXN,MX,189.194.89.154,650000,7457,MX,approved
txn_00286,2026-02-17T19:51:01,customer286@protonmail.com,monthly,Solaris Monthly,19900.0,COP,CO,190.149.64.251,411111,6890,CO,approved
txn_00189,2026-02-17T19:58:24,sub3189@hotmail.com,monthly,Solaris Monthly,4.99,BRL,BR,185.220.101.88,999003,5949,BR,declined_fraud
txn_00244,2026-02-17T19:59:42,user244@gmail.com,monthly,Solaris Monthly,99.0,MXN,MX,189.160.122.135,541500,4376,MX,approved
txn_00192,2026-02-17T20:24:24,customer3192@yahoo.com,monthly,Solaris Monthly,4.99,BRL,BR,185.220.101.88,999003,6121,BR,declined_fraud
txn_00190,2026-02-17T20:57:24,customer3190@gmail.com,monthly,Solaris Monthly,4.99,BRL,BR,185.220.101.88,999003,2195,BR,declined_fraud
txn_00383,2026-02-17T21:16:50,cliente383@hotmail.com,monthly,Solaris Monthly,4.99,BRL,BR,187.169.36.121,424242,8133,BR,declined_insufficient_funds
txn_00188,2026-02-17T22:22:24,sub3188@protonmail.com,monthly,Solaris Monthly,4.99,BRL,BR,185.220.101.88,999003,1496,BR,declined_fraud
txn_00554,2026-02-17T22:38:15,acct554@outlook.com,monthly,Solaris Monthly,4.99,BRL,BR,187.24.56.78,411111,1688,BR,approved
txn_00415,2026-02-17T22:49:16,sub415@protonmail.com,monthly,Solaris Monthly,4.99,BRL,BR,187.101.214.112,601100,5764,BR,approved
txn_00076,2026-02-17T23:03:05,user7075@yahoo.com,annual,Solaris Annual,199000.0,COP,CO,190.240.245.225,424242,5640,CO,approved
txn_00276,2026-02-17T23:28:03,acct276@gmail.com,monthly,Solaris Monthly,4.99,BRL,BR,187.16.15.47,424242,6798,BR,approved
txn_00538,2026-02-18T00:14:09,cliente538@protonmail.com,monthly,Solaris Monthly,4.99,BRL,BR,187.67.242.124,531313,9835,BR,approved
txn_00077,2026-02-18T02:15:51,customer7077@yahoo.com,monthly,Solaris Monthly,19900.0,COP,CO,190.42.219.69,541500,7475,CO,approved
txn_00438,2026-02-18T02:59:37,acct438@protonmail.com,monthly,Solaris Monthly,4.99,BRL,BR,187.126.134.219,438600,6439,BR,approved
txn_00078,2026-02-18T03:15:51,customer7077@yahoo.com,annual,Solaris Annual,199000.0,COP,CO,190.42.219.69,541500,7475,CO,approved
txn_00398,2026-02-18T04:22:52,customer398@hotmail.com,annual,Solaris Annual,990.0,MXN,MX,189.161.133.104,438600,3167,MX,approved
txn_00226,2026-02-18T06:17:35,member226@protonmail.com,monthly,Solaris Monthly,19900.0,COP,CO,190.43.123.208,411111,1151,CO,chargeback
txn_00252,2026-02-18T06:27:18,sub252@protonmail.com,monthly,Solaris Monthly,4.99,BRL,BR,187.205.137.33,411111,5398,BR,approved
txn_00496,2026-02-18T07:05:56,sub496@hotmail.com,monthly,Solaris Monthly,4.99,BRL,BR,187.85.208.248,424242,2526,BR,approved
txn_00108,2026-02-18T08:52:58,acct6108@gmail.com,monthly,Solaris Monthly,19900.0,COP,CO,190.129.244.58,541500,6267,CO,declined_fraud
txn_00109,2026-02-18T09:12:58,acct6108@gmail.com,monthly,Solaris Monthly,19900.0,COP,CO,190.129.244.58,541500,6267,CO,declined_fraud
txn_00110,2026-02-18T09:32:58,acct6108@gmail.com,monthly,Solaris Monthly,19900.0,COP,CO,190.129.244.58,541500,6267,CO,declined_insufficient_funds
txn_00631,2026-02-18T09:40:44,cliente631@protonmail.com,monthly,Solaris Monthly,19900.0,COP,CO,190.217.169.180,451200,9753,CO,approved
txn_00111,2026-02-18T09:52:58,acct6108@gmail.com,monthly,Solaris Monthly,19900.0,COP,CO,190.129.244.58,541500,6267,CO,declined_fraud
txn_00112,2026-02-18T10:22:58,acct6108@gmail.com,monthly,Solaris Monthly,19900.0,COP,CO,190.129.244.58,541500,6267,CO,approved
txn_00492,2026-02-18T10:39:13,cliente492@outlook.com,annual,Solaris Annual,199000.0,COP,CO,190.199.172.207,601100,2404,CO,declined_fraud
txn_00373,2026-02-18T11:34:34,sub373@hotmail.com,annual,Solaris Annual,49.99,BRL,BR,187.35.34.120,438600,1507,BR,approved
txn_00178,2026-02-18T16:58:17,acct4178@hotmail.com,annual,Solaris Annual,990.0,MXN,MX,189.161.133.104,999002,2412,MX,chargeback
txn_00608,2026-02-18T18:21:11,sub608@yahoo.com,annual,Solaris Annual,49.99,BRL,BR,187.150.222.80,438600,3727,BR,approved
txn_00271,2026-02-18T19:12:17,member271@protonmail.com,annual,Solaris Annual,49.99,BRL,BR,187.142.248.109,541500,2245,BR,approved
txn_00627,2026-02-18T21:41:03,customer627@protonmail.com,annual,Solaris Annual,49.99,BRL,BR,187.185.157.122,650000,7488,BR,declined_fraud
txn_00451,2026-02-18T21:49:07,sub451@gmail.com,annual,Solaris Annual,49.99,BRL,BR,187.246.109.205,411111,6876,BR,approved
